Time,Category,Message,Status,Flag,Scope,Sector,RacingNumber,Lap
2026-09-26 10:11:25,Flag,YELLOW IN TRACK SECTOR 1,,YELLOW,Sector,1.0,,1
2026-09-26 10:12:20,Flag,CLEAR IN TRACK SECTOR 1,,CLEAR,Sector,1.0,,1
2026-09-26 10:13:18,Flag,YELLOW IN TRACK SECTOR 1,,YELLOW,Sector,1.0,,1
2026-09-26 10:14:56,Flag,CLEAR IN TRACK SECTOR 1,,CLEAR,Sector,1.0,,1
2026-09-26 10:20:01,Flag,GREEN LIGHT - PIT EXIT OPEN,,GREEN,Track,,,1
2026-09-26 10:30:01,Other,PIT EXIT CLOSED,,,,,,1
2026-09-26 10:31:33,Other,INCIDENT INVOLVING CAR 6 (HAD) NOTED - FAILING TO FOLLOW RACE DIRECTORS INSTRUCTIONS – PRACTICE START INFRINGEMENT (14:20:31),,,,,,1
2026-09-26 10:37:54,Other,FIA STEWARDS: INCIDENT INVOLVING CAR 6 (HAD) WILL BE INVESTIGATED AFTER THE RACE - FAILING TO FOLLOW RACE DIRECTORS INSTRUCTIONS – PRACTICE START INFRINGEMENT (14:20:31),,,,,,1
2026-09-26 10:42:18,Other,INCIDENT INVOLVING CAR 55 (SAI) NOTED - FAILING TO FOLLOW RACE DIRECTORS INSTRUCTIONS – PRACTICE START INFRINGEMENT (14:22:31),,,,,,1
2026-09-26 10:45:02,Other,RISK OF RAIN FOR THE F1 RACE IS 0%,,,,,,1
2026-09-26 10:46:18,Other,FIA STEWARDS: INCIDENT INVOLVING CAR 55 (SAI) WILL BE INVESTIGATED AFTER THE RACE - FAILING TO FOLLOW RACE DIRECTORS INSTRUCTIONS – PRACTICE START INFRINGEMENT (14:22:31),,,,,,1
2026-09-26 10:49:25,Flag,DOUBLE YELLOW IN TRACK SECTOR 3,,DOUBLE YELLOW,Sector,3.0,,1
2026-09-26 10:49:32,Flag,CLEAR IN TRACK SECTOR 3,,CLEAR,Sector,3.0,,1
2026-09-26 10:57:18,Other,OVERTAKE DISABLED,,,,,,1
2026-09-26 11:03:51,Other,RACE START,,,,,,1
2026-09-26 11:05:18,Other,OVERTAKE ENABLED,,,,,,1
2026-09-26 11:18:38,Flag,YELLOW IN TRACK SECTOR 15,,YELLOW,Sector,15.0,,9
2026-09-26 11:18:38,Flag,YELLOW IN TRACK SECTOR 14,,YELLOW,Sector,14.0,,9
2026-09-26 11:18:38,Flag,CLEAR IN TRACK SECTOR 15,,CLEAR,Sector,15.0,,9
2026-09-26 11:18:40,Flag,CLEAR IN TRACK SECTOR 14,,CLEAR,Sector,14.0,,9
2026-09-26 11:18:46,Flag,CLEAR IN TRACK SECTOR 15,,CLEAR,Sector,15.0,,9
2026-09-26 11:47:33,Flag,WAVED BLUE FLAG FOR CAR 77 (BOT) TIMED AT 15:47:32,,BLUE,Driver,,77,25
2026-09-26 11:51:13,Flag,WAVED BLUE FLAG FOR CAR 77 (BOT) TIMED AT 15:51:12,,BLUE,Driver,,77,27
2026-09-26 11:51:27,Flag,WAVED BLUE FLAG FOR CAR 77 (BOT) TIMED AT 15:51:27,,BLUE,Driver,,77,27
2026-09-26 11:53:51,Flag,WAVED BLUE FLAG FOR CAR 77 (BOT) TIMED AT 15:53:50,,BLUE,Driver,,77,28
2026-09-26 11:56:00,Flag,WAVED BLUE FLAG FOR CAR 77 (BOT) TIMED AT 15:55:59,,BLUE,Driver,,77,30
2026-09-26 11:56:38,Flag,YELLOW IN TRACK SECTOR 2,,YELLOW,Sector,2.0,,30
2026-09-26 11:56:38,Flag,YELLOW IN TRACK SECTOR 1,,YELLOW,Sector,1.0,,30
2026-09-26 11:56:43,Flag,CLEAR IN TRACK SECTOR 1,,CLEAR,Sector,1.0,,30
2026-09-26 11:56:43,Flag,CLEAR IN TRACK SECTOR 2,,CLEAR,Sector,2.0,,30
2026-09-26 11:57:12,Flag,WAVED BLUE FLAG FOR CAR 77 (BOT) TIMED AT 15:57:12,,BLUE,Driver,,77,30
2026-09-26 11:57:46,Flag,DOUBLE YELLOW IN TRACK SECTOR 7,,DOUBLE YELLOW,Sector,7.0,,31
2026-09-26 11:57:46,Flag,YELLOW IN TRACK SECTOR 6,,YELLOW,Sector,6.0,,31
2026-09-26 11:58:05,SafetyCar,SAFETY CAR DEPLOYED,DEPLOYED,,,,,31
2026-09-26 11:58:05,Other,OVERTAKE DISABLED,,,,,,31
2026-09-26 11:59:05,Other,CAR 1 (NOR) LAP DELETED - TRACK LIMITS AT TURN 1 LAP 30 15:56:33 (PIT),,,,,,31
2026-09-26 12:00:39,Other,MARSHALS ON TRACK AT TURN 6,,,,,,32
2026-09-26 12:01:22,Other,RECOVERY VEHICLE ON TRACK AT TURN 6,,,,,,32
2026-09-26 12:01:45,Other,MARSHALS ON TRACK AT TURN 8,,,,,,32
2026-09-26 12:01:49,Flag,DOUBLE YELLOW IN TRACK SECTOR 10,,DOUBLE YELLOW,Sector,10.0,,32
2026-09-26 12:01:49,Flag,YELLOW IN TRACK SECTOR 9,,YELLOW,Sector,9.0,,32
2026-09-26 12:04:01,Flag,DOUBLE YELLOW IN TRACK SECTOR 11,,DOUBLE YELLOW,Sector,11.0,,33
2026-09-26 12:04:22,Flag,CLEAR IN TRACK SECTOR 11,,CLEAR,Sector,11.0,,33
2026-09-26 12:04:30,Other,MARSHALS ON TRACK AT TURN 10,,,,,,33
2026-09-26 12:04:32,Flag,CLEAR IN TRACK SECTOR 10,,CLEAR,Sector,10.0,,33
2026-09-26 12:04:32,Flag,CLEAR IN TRACK SECTOR 9,,CLEAR,Sector,9.0,,33
2026-09-26 12:06:20,Flag,CLEAR IN TRACK SECTOR 6,,CLEAR,Sector,6.0,,34
2026-09-26 12:06:24,Other,LAPPED CARS MAY NOW OVERTAKE THE SAFETY CAR: 77,,,,,,34
2026-09-26 12:06:36,Flag,CLEAR IN TRACK SECTOR 7,,CLEAR,Sector,7.0,,34
2026-09-26 12:09:15,SafetyCar,SAFETY CAR IN THIS LAP,IN THIS LAP,,,,,35
2026-09-26 12:11:14,Flag,TRACK CLEAR,,CLEAR,Track,,,35
2026-09-26 12:11:36,Flag,DOUBLE YELLOW IN TRACK SECTOR 2,,DOUBLE YELLOW,Sector,2.0,,36
2026-09-26 12:11:36,Flag,YELLOW IN TRACK SECTOR 1,,YELLOW,Sector,1.0,,36
2026-09-26 12:11:59,Flag,YELLOW IN TRACK SECTOR 4,,YELLOW,Sector,4.0,,36
2026-09-26 12:11:59,Flag,YELLOW IN TRACK SECTOR 3,,YELLOW,Sector,3.0,,36
2026-09-26 12:12:29,Flag,CLEAR IN TRACK SECTOR 4,,CLEAR,Sector,4.0,,36
2026-09-26 12:12:31,Flag,DOUBLE YELLOW IN TRACK SECTOR 4,,DOUBLE YELLOW,Sector,4.0,,36
2026-09-26 12:12:33,Flag,CLEAR IN TRACK SECTOR 4,,CLEAR,Sector,4.0,,36
2026-09-26 12:12:40,SafetyCar,SAFETY CAR DEPLOYED,DEPLOYED,,,,,36
2026-09-26 12:12:43,Other,ALL CARS THROUGH THE PIT LANE,,,,,,36
2026-09-26 12:13:10,Flag,CLEAR IN TRACK SECTOR 3,,CLEAR,Sector,3.0,,36
2026-09-26 12:13:30,Flag,CLEAR IN TRACK SECTOR 1,,CLEAR,Sector,1.0,,36
2026-09-26 12:15:22,Other,ALL CARS USE START/FINISH STRAIGHT,,,,,,37
2026-09-26 12:15:35,Other,MARSHALS ON TRACK AT TURN 1,,,,,,37
2026-09-26 12:17:02,Flag,CLEAR IN TRACK SECTOR 2,,CLEAR,Sector,2.0,,38
2026-09-26 12:17:06,SafetyCar,SAFETY CAR IN THIS LAP,IN THIS LAP,,,,,38
2026-09-26 12:18:38,Other,"TURN 1 INCIDENT INVOLVING CARS 1 (NOR), 10 (GAS) AND 43 (COL) NOTED",,,,,,38
2026-09-26 12:18:53,Flag,TRACK CLEAR,,CLEAR,Track,,,38
2026-09-26 12:21:01,Flag,YELLOW IN TRACK SECTOR 2,,YELLOW,Sector,2.0,,40
2026-09-26 12:21:01,Flag,YELLOW IN TRACK SECTOR 1,,YELLOW,Sector,1.0,,40
2026-09-26 12:21:01,Other,OVERTAKE ENABLED,,,,,,40
2026-09-26 12:21:07,Flag,CLEAR IN TRACK SECTOR 1,,CLEAR,Sector,1.0,,40
2026-09-26 12:21:08,Flag,CLEAR IN TRACK SECTOR 2,,CLEAR,Sector,2.0,,40
2026-09-26 12:22:28,Other,TURN 1 INCIDENT INVOLVING CARS 41 (LIN) AND 30 (LAW) NOTED,,,,,,40
2026-09-26 12:22:59,Other,TURN 7 INCIDENT INVOLVING CAR 5 (BOR) NOTED - YELLOW FLAG INFRINGEMENT,,,,,,41
2026-09-26 12:23:31,Other,FIA STEWARDS: TURN 1 INCIDENT INVOLVING CARS 41 (LIN) AND 30 (LAW) UNDER INVESTIGATION (16:11:33),,,,,,41
2026-09-26 12:24:07,Other,"UPDATE: TURN 1 INCIDENT INVOLVING CARS 1 (NOR), 10 (GAS) AND 43 (COL) NOTED - CAUSING A COLLISION (16:11:31)",,,,,,41
2026-09-26 12:24:27,Other,"FIA STEWARDS: TURN 1 INCIDENT INVOLVING CARS 1 (NOR), 10 (GAS) AND 43 (COL) UNDER INVESTIGATION - CAUSING A COLLISION (16:11:31)",,,,,,42
2026-09-26 12:24:51,Other,CAR 81 (PIA) TIME 1:58.595 DELETED - TRACK LIMITS AT TURN 1 LAP 40 16:20:55,,,,,,42
2026-09-26 12:24:53,Other,CAR 30 (LAW) LAP DELETED - TRACK LIMITS AT TURN 1 LAP 36 16:11:35 (PIT),,,,,,42
2026-09-26 12:24:55,Other,CAR 43 (COL) LAP DELETED - TRACK LIMITS AT TURN 15 LAP 36 16:14:30 (PIT),,,,,,42
2026-09-26 12:25:44,Other,CAR 5 (BOR) LAP DELETED - TRACK LIMITS AT TURN 1 LAP 36 16:11:35 (PIT),,,,,,42
2026-09-26 12:29:19,Other,FIA STEWARDS: TURN 1 INCIDENT INVOLVING CARS 41 (LIN) AND 30 (LAW) NO FURTHER ACTION,,,,,,44
2026-09-26 12:29:58,Other,INCIDENT INVOLVING CAR 3 (VER) NOTED - FAILING TO FOLLOW RACE DIRECTORS INSTRUCTIONS (16:18:20),,,,,,45
2026-09-26 12:34:56,Other,FIA STEWARDS: TURN 7 INCIDENT INVOLVING CAR 5 (BOR) UNDER INVESTIGATION - YELLOW FLAG INFRINGEMENT (16:12:10),,,,,,48
2026-09-26 12:38:02,Other,FIA STEWARDS: INCIDENT INVOLVING CAR 3 (VER) REVIEWED NO FURTHER INVESTIGATION - FAILING TO FOLLOW RACE DIRECTORS INSTRUCTIONS (16:18:20),,,,,,49
2026-09-26 12:39:31,Flag,YELLOW IN TRACK SECTOR 2,,YELLOW,Sector,2.0,,50
2026-09-26 12:39:31,Flag,YELLOW IN TRACK SECTOR 1,,YELLOW,Sector,1.0,,50
2026-09-26 12:39:35,Flag,CLEAR IN TRACK SECTOR 2,,CLEAR,Sector,2.0,,50
2026-09-26 12:39:35,Flag,CLEAR IN TRACK SECTOR 1,,CLEAR,Sector,1.0,,50
2026-09-26 12:40:29,Other,FIA STEWARDS: TURN 7 INCIDENT INVOLVING CAR 5 (BOR) WILL BE INVESTIGATED AFTER THE RACE - YELLOW FLAG INFRINGEMENT (16:12:10),,,,,,51
2026-09-26 12:40:52,Flag,DOUBLE YELLOW IN TRACK SECTOR 15,,DOUBLE YELLOW,Sector,15.0,,51
2026-09-26 12:40:52,Flag,YELLOW IN TRACK SECTOR 14,,YELLOW,Sector,14.0,,51
2026-09-26 12:41:02,Flag,YELLOW IN TRACK SECTOR 21,,YELLOW,Sector,21.0,,51
2026-09-26 12:41:02,Flag,YELLOW IN TRACK SECTOR 20,,YELLOW,Sector,20.0,,51
2026-09-26 12:41:02,Flag,CLEAR IN TRACK SECTOR 21,,CLEAR,Sector,21.0,,51
2026-09-26 12:41:06,Flag,YELLOW IN TRACK SECTOR 21,,YELLOW,Sector,21.0,,51
2026-09-26 12:41:31,Flag,CLEAR IN TRACK SECTOR 20,,CLEAR,Sector,20.0,,51
2026-09-26 12:41:33,Flag,CLEAR IN TRACK SECTOR 21,,CLEAR,Sector,21.0,,51
2026-09-26 12:41:52,Flag,CHEQUERED FLAG,,CHEQUERED,Track,,,51
2026-09-26 12:42:03,Flag,YELLOW IN TRACK SECTOR 21,,YELLOW,Sector,21.0,,51
2026-09-26 12:42:03,Flag,YELLOW IN TRACK SECTOR 20,,YELLOW,Sector,20.0,,51
2026-09-26 12:42:06,Flag,CLEAR IN TRACK SECTOR 20,,CLEAR,Sector,20.0,,51
2026-09-26 12:42:08,Flag,CLEAR IN TRACK SECTOR 21,,CLEAR,Sector,21.0,,51
2026-09-26 12:42:45,Flag,YELLOW IN TRACK SECTOR 21,,YELLOW,Sector,21.0,,51
2026-09-26 12:42:45,Flag,YELLOW IN TRACK SECTOR 20,,YELLOW,Sector,20.0,,51
2026-09-26 12:42:50,Flag,CLEAR IN TRACK SECTOR 20,,CLEAR,Sector,20.0,,51
2026-09-26 12:42:52,Flag,CLEAR IN TRACK SECTOR 21,,CLEAR,Sector,21.0,,51
2026-09-26 12:44:08,Other,ALL PASS HOLDERS MAY ACCESS THE PIT LANE,,,,,,51
2026-09-26 12:45:16,Other,CAR 5 (BOR) TIME 1:48.000 DELETED - TRACK LIMITS AT TURN 16 LAP 41 16:24:13,,,,,,51
2026-09-26 12:45:17,Other,CAR 41 (LIN) TIME 1:48.323 DELETED - TRACK LIMITS AT TURN 15 LAP 51 16:41:53,,,,,,51
2026-09-26 12:45:19,Other,CAR 27 (HUL) TIME 1:48.265 DELETED - TRACK LIMITS AT TURN 15 LAP 51 16:41:54,,,,,,51
2026-09-26 12:45:22,Other,CAR 55 (SAI) TIME 1:48.369 DELETED - TRACK LIMITS AT TURN 15 LAP 51 16:41:54,,,,,,51
2026-09-26 12:45:23,Other,CAR 5 (BOR) TIME 1:47.605 DELETED - TRACK LIMITS AT TURN 15 LAP 51 16:41:56,,,,,,51
2026-09-26 12:45:27,Other,CAR 30 (LAW) TIME 1:47.872 DELETED - TRACK LIMITS AT TURN 15 LAP 51 16:41:56,,,,,,51
2026-09-26 12:45:38,Other,CAR 81 (PIA) TIME 1:49.030 DELETED - TRACK LIMITS AT TURN 15 LAP 51 16:41:57,,,,,,51
2026-09-26 12:45:39,Other,CAR 11 (PER) TIME 1:48.666 DELETED - TRACK LIMITS AT TURN 15 LAP 51 16:42:02,,,,,,51
2026-09-26 12:45:41,Flag,CLEAR IN TRACK SECTOR 14,,CLEAR,Sector,14.0,,51
2026-09-26 12:45:44,Other,CAR 31 (OCO) TIME 1:48.925 DELETED - TRACK LIMITS AT TURN 15 LAP 51 16:41:51,,,,,,51
2026-09-26 12:45:49,Other,CAR 87 (BEA) TIME 1:48.360 DELETED - TRACK LIMITS AT TURN 15 LAP 51 16:41:53,,,,,,51
2026-09-26 12:45:51,Other,CAR 44 (HAM) TIME 1:49.739 DELETED - TRACK LIMITS AT TURN 15 LAP 51 16:41:43,,,,,,51
2026-09-26 12:47:27,Other,TURN 15 INCIDENT INVOLVING CAR 77 (BOT) NOTED (16:42:31),,,,,,51
2026-09-26 12:47:28,Flag,DOUBLE YELLOW IN TRACK SECTOR 2,,DOUBLE YELLOW,Sector,2.0,,51
2026-09-26 12:47:28,Flag,YELLOW IN TRACK SECTOR 1,,YELLOW,Sector,1.0,,51
2026-09-26 12:47:40,Flag,CLEAR IN TRACK SECTOR 1,,CLEAR,Sector,1.0,,51
2026-09-26 12:48:24,Flag,CLEAR IN TRACK SECTOR 2,,CLEAR,Sector,2.0,,51
2026-09-26 12:50:45,Other,FIA STEWARDS: 10 SECOND TIME PENALTY FOR CAR 43 (COL) - CAUSING A COLLISION (16:11:31),,,,,,51
2026-09-26 12:51:28,Flag,DOUBLE YELLOW IN TRACK SECTOR 2,,DOUBLE YELLOW,Sector,2.0,,51
2026-09-26 12:51:35,Flag,DOUBLE YELLOW IN TRACK SECTOR 3,,DOUBLE YELLOW,Sector,3.0,,51
2026-09-26 12:51:54,Flag,DOUBLE YELLOW IN TRACK SECTOR 7,,DOUBLE YELLOW,Sector,7.0,,51
2026-09-26 12:52:26,Flag,YELLOW IN TRACK SECTOR 18,,YELLOW,Sector,18.0,,51
2026-09-26 12:52:27,Flag,CLEAR IN TRACK SECTOR 18,,CLEAR,Sector,18.0,,51
2026-09-26 12:52:29,Flag,DOUBLE YELLOW IN TRACK SECTOR 18,,DOUBLE YELLOW,Sector,18.0,,51
2026-09-26 12:52:30,Flag,CLEAR IN TRACK SECTOR 18,,CLEAR,Sector,18.0,,51
2026-09-26 12:54:20,Other,FIA STEWARDS: TURN 15 INCIDENT INVOLVING CAR 77 (BOT) WILL BE INVESTIGATED AFTER THE RACE (16:42:31),,,,,,51
2026-09-26 12:54:43,Flag,CLEAR IN TRACK SECTOR 2,,CLEAR,Sector,2.0,,51
2026-09-26 12:54:45,Flag,CLEAR IN TRACK SECTOR 7,,CLEAR,Sector,7.0,,51
2026-09-26 13:01:46,Flag,CLEAR IN TRACK SECTOR 3,,CLEAR,Sector,3.0,,51
2026-09-26 13:11:57,Flag,CLEAR IN TRACK SECTOR 15,,CLEAR,Sector,15.0,,51
