Time,Driver,DriverNumber,LapTime,LapNumber,Stint,PitOutTime,PitInTime,Sector1Time,Sector2Time,Sector3Time,Sector1SessionTime,Sector2SessionTime,Sector3SessionTime,SpeedI1,SpeedI2,SpeedFL,SpeedST,IsPersonalBest,Compound,TyreLife,FreshTyre,Team,LapStartTime,LapStartDate,TrackStatus,Position,Deleted,DeletedReason,FastF1Generated,IsAccurate
2949.819,ANT,12,,1.0,1.0,,,,38.78,25.089,,2924.789,2949.977,310.0,265.0,254.0,317.0,False,MEDIUM,1.0,True,Mercedes,2853.017,2026-07-04 11:03:56.571,1,2.0,False,,False,False
3042.2,ANT,12,92.381,2.0,1.0,,,29.664,37.183,25.534,2979.542,3016.725,3042.259,295.0,261.0,254.0,301.0,True,MEDIUM,2.0,True,Mercedes,2949.819,2026-07-04 11:05:33.373,12,2.0,False,,False,True
3134.53,ANT,12,92.33,3.0,1.0,,,29.633,37.217,25.48,3071.892,3109.109,3134.589,297.0,262.0,254.0,303.0,True,MEDIUM,3.0,True,Mercedes,3042.2,2026-07-04 11:07:05.754,1,2.0,False,,False,True
3226.5,ANT,12,91.97,4.0,1.0,,,29.446,37.273,25.251,3164.035,3201.308,3226.559,307.0,262.0,256.0,303.0,True,MEDIUM,4.0,True,Mercedes,3134.53,2026-07-04 11:08:38.084,1,2.0,False,,False,True
3318.475,ANT,12,91.975,5.0,1.0,,,29.367,37.193,25.415,3255.926,3293.119,3318.534,312.0,265.0,250.0,308.0,False,MEDIUM,5.0,True,Mercedes,3226.5,2026-07-04 11:10:10.054,1,2.0,False,,False,True
3410.579,ANT,12,92.104,6.0,1.0,,,29.434,37.345,25.325,3347.968,3385.313,3410.638,313.0,262.0,255.0,309.0,False,MEDIUM,6.0,True,Mercedes,3318.475,2026-07-04 11:11:42.029,1,2.0,False,,False,True
3503.029,ANT,12,92.45,7.0,1.0,,,29.386,37.522,25.542,3440.024,3477.546,3503.088,318.0,264.0,255.0,314.0,False,MEDIUM,7.0,True,Mercedes,3410.579,2026-07-04 11:13:14.133,1,2.0,False,,False,True
3595.478,ANT,12,92.449,8.0,1.0,,,29.6,37.846,25.003,3532.688,3570.534,3595.537,305.0,262.0,252.0,318.0,False,MEDIUM,8.0,True,Mercedes,3503.029,2026-07-04 11:14:46.583,1,1.0,False,,False,True
3687.941,ANT,12,92.463,9.0,1.0,,,29.759,37.16,25.544,3625.296,3662.456,3688.0,294.0,262.0,255.0,296.0,False,MEDIUM,9.0,True,Mercedes,3595.478,2026-07-04 11:16:19.032,1,1.0,False,,False,True
3780.385,ANT,12,92.444,10.0,1.0,,,29.588,37.223,25.633,3717.588,3754.811,3780.444,302.0,261.0,253.0,294.0,False,MEDIUM,10.0,True,Mercedes,3687.941,2026-07-04 11:17:51.495,1,1.0,False,,False,True
3872.468,ANT,12,92.083,11.0,1.0,,,29.612,37.121,25.35,3810.056,3847.177,3872.527,302.0,263.0,253.0,297.0,False,MEDIUM,11.0,True,Mercedes,3780.385,2026-07-04 11:19:23.939,1,1.0,False,,False,True
3964.751,ANT,12,92.283,12.0,1.0,,,29.798,37.144,25.341,3902.325,3939.469,3964.81,301.0,262.0,254.0,299.0,False,MEDIUM,12.0,True,Mercedes,3872.468,2026-07-04 11:20:56.022,1,1.0,False,,False,True
4057.325,ANT,12,92.574,13.0,1.0,,,29.934,37.266,25.374,3994.744,4032.01,4057.384,299.0,262.0,253.0,302.0,False,MEDIUM,13.0,True,Mercedes,3964.751,2026-07-04 11:22:28.305,1,1.0,False,,False,True
4149.671,ANT,12,92.346,14.0,1.0,,,29.794,37.253,25.299,4087.178,4124.431,4149.73,300.0,261.0,253.0,298.0,False,MEDIUM,14.0,True,Mercedes,4057.325,2026-07-04 11:24:00.879,1,1.0,False,,False,True
4241.739,ANT,12,92.068,15.0,1.0,,,29.699,37.135,25.234,4179.429,4216.564,4241.798,303.0,262.0,255.0,299.0,False,MEDIUM,15.0,True,Mercedes,4149.671,2026-07-04 11:25:33.225,1,1.0,False,,False,True
4333.786,ANT,12,92.047,16.0,1.0,,,29.709,37.134,25.204,4271.507,4308.641,4333.845,299.0,262.0,254.0,299.0,False,MEDIUM,16.0,True,Mercedes,4241.739,2026-07-04 11:27:05.293,1,1.0,False,,False,True
4425.393,ANT,12,91.607,17.0,1.0,,,29.606,37.078,24.923,4363.451,4400.529,4425.452,294.0,266.0,255.0,312.0,True,MEDIUM,17.0,True,Mercedes,4333.786,2026-07-04 11:28:37.340,1,1.0,False,,False,True
2948.748,HAM,44,,1.0,1.0,,,,37.302,25.686,,2923.274,2949.136,290.0,261.0,250.0,297.0,False,MEDIUM,1.0,True,Ferrari,2853.017,2026-07-04 11:03:56.571,1,1.0,False,,False,False
3040.863,HAM,44,92.115,2.0,1.0,,,29.928,36.754,25.433,2978.753,3015.507,3040.94,286.0,260.0,250.0,298.0,True,MEDIUM,2.0,True,Ferrari,2948.748,2026-07-04 11:05:32.302,12,1.0,False,,False,True
3133.407,HAM,44,92.544,3.0,1.0,,,30.141,37.124,25.279,3071.081,3108.205,3133.484,289.0,261.0,249.0,300.0,False,MEDIUM,3.0,True,Ferrari,3040.863,2026-07-04 11:07:04.417,1,1.0,False,,False,True
3225.626,HAM,44,92.219,4.0,1.0,,,29.853,36.911,25.455,3163.337,3200.248,3225.703,291.0,259.0,250.0,299.0,False,MEDIUM,4.0,True,Ferrari,3133.407,2026-07-04 11:08:36.961,1,1.0,False,,False,True
3317.534,HAM,44,91.908,5.0,1.0,,,29.74,36.889,25.279,3255.443,3292.332,3317.611,300.0,261.0,250.0,299.0,True,MEDIUM,5.0,True,Ferrari,3225.626,2026-07-04 11:10:09.180,1,1.0,False,,False,True
3409.843,HAM,44,92.309,6.0,1.0,,,29.937,37.148,25.224,3347.548,3384.696,3409.92,285.0,257.0,250.0,297.0,False,MEDIUM,6.0,True,Ferrari,3317.534,2026-07-04 11:11:41.088,1,1.0,False,,False,True
3502.433,HAM,44,92.59,7.0,1.0,,,29.848,37.17,25.572,3439.768,3476.938,3502.51,295.0,255.0,248.0,299.0,False,MEDIUM,7.0,True,Ferrari,3409.843,2026-07-04 11:13:13.397,1,1.0,False,,False,True
3596.35,HAM,44,93.917,8.0,1.0,,,30.133,37.493,26.291,3532.643,3570.136,3596.427,305.0,250.0,249.0,292.0,False,MEDIUM,8.0,True,Ferrari,3502.433,2026-07-04 11:14:45.987,1,2.0,False,,False,True
3688.737,HAM,44,92.387,9.0,1.0,,,29.887,37.122,25.378,3626.314,3663.436,3688.814,295.0,265.0,250.0,318.0,False,MEDIUM,9.0,True,Ferrari,3596.35,2026-07-04 11:16:19.904,1,2.0,False,,False,True
3781.222,HAM,44,92.485,10.0,1.0,,,29.954,37.076,25.455,3718.768,3755.844,3781.299,294.0,258.0,249.0,308.0,False,MEDIUM,10.0,True,Ferrari,3688.737,2026-07-04 11:17:52.291,1,2.0,False,,False,True
3873.672,HAM,44,92.45,11.0,1.0,,,29.944,37.261,25.245,3811.243,3848.504,3873.749,295.0,262.0,250.0,308.0,False,MEDIUM,11.0,True,Ferrari,3781.222,2026-07-04 11:19:24.776,1,2.0,False,,False,True
3966.413,HAM,44,92.741,12.0,1.0,,,30.168,37.318,25.255,3903.917,3941.235,3966.49,293.0,262.0,251.0,308.0,False,MEDIUM,12.0,True,Ferrari,3873.672,2026-07-04 11:20:57.226,1,2.0,False,,False,True
4058.738,HAM,44,92.325,13.0,1.0,,,29.954,37.033,25.338,3996.444,4033.477,4058.815,296.0,260.0,252.0,306.0,False,MEDIUM,13.0,True,Ferrari,3966.413,2026-07-04 11:22:29.967,1,2.0,False,,False,True
4151.156,HAM,44,92.418,14.0,1.0,,,30.023,36.972,25.423,4088.838,4125.81,4151.233,295.0,259.0,251.0,304.0,False,MEDIUM,14.0,True,Ferrari,4058.738,2026-07-04 11:24:02.292,1,2.0,False,,False,True
4243.7,HAM,44,92.544,15.0,1.0,,,29.971,37.27,25.303,4181.204,4218.474,4243.777,294.0,262.0,250.0,308.0,False,MEDIUM,15.0,True,Ferrari,4151.156,2026-07-04 11:25:34.710,1,2.0,False,,False,True
4336.092,HAM,44,92.392,16.0,1.0,,,29.938,37.16,25.294,4273.715,4310.875,4336.169,295.0,262.0,250.0,307.0,False,MEDIUM,16.0,True,Ferrari,4243.7,2026-07-04 11:27:07.254,1,2.0,False,,False,True
4428.138,HAM,44,92.046,17.0,1.0,,,29.751,36.994,25.301,4365.92,4402.914,4428.215,295.0,261.0,247.0,305.0,False,MEDIUM,17.0,True,Ferrari,4336.092,2026-07-04 11:28:39.646,1,2.0,False,,False,True
2951.032,NOR,1,,1.0,1.0,,,,38.422,26.585,,2924.508,2951.219,311.0,258.0,244.0,300.0,False,MEDIUM,1.0,True,McLaren,2853.017,2026-07-04 11:03:56.571,1,4.0,False,,False,False
3044.981,NOR,1,93.949,2.0,1.0,,,29.956,37.966,26.027,2981.048,3019.014,3045.041,313.0,259.0,246.0,318.0,True,MEDIUM,2.0,True,McLaren,2951.032,2026-07-04 11:05:34.586,12,3.0,False,,False,True
3138.685,NOR,1,93.704,3.0,1.0,,,30.477,37.583,25.644,3075.518,3113.101,3138.745,291.0,260.0,255.0,295.0,True,MEDIUM,3.0,True,McLaren,3044.981,2026-07-04 11:07:08.535,1,3.0,False,,False,True
3231.543,NOR,1,92.858,4.0,1.0,,,29.738,37.452,25.668,3168.483,3205.935,3231.603,294.0,258.0,255.0,296.0,True,MEDIUM,4.0,True,McLaren,3138.685,2026-07-04 11:08:42.239,1,3.0,False,,False,True
3323.949,NOR,1,92.406,5.0,1.0,,,29.631,37.228,25.547,3261.234,3298.462,3324.009,295.0,260.0,252.0,294.0,True,MEDIUM,5.0,True,McLaren,3231.543,2026-07-04 11:10:15.097,1,3.0,False,,False,True
3416.448,NOR,1,92.499,6.0,1.0,,,29.886,37.088,25.525,3353.895,3390.983,3416.508,293.0,261.0,253.0,295.0,False,MEDIUM,6.0,True,McLaren,3323.949,2026-07-04 11:11:47.503,1,3.0,False,,False,True
3508.681,NOR,1,92.233,7.0,1.0,,,29.664,37.168,25.401,3446.172,3483.34,3508.741,297.0,261.0,254.0,297.0,True,MEDIUM,7.0,True,McLaren,3416.448,2026-07-04 11:13:20.002,1,3.0,False,,False,True
3601.243,NOR,1,92.562,8.0,1.0,,,29.793,37.135,25.634,3538.534,3575.669,3601.303,296.0,260.0,254.0,299.0,False,MEDIUM,8.0,True,McLaren,3508.681,2026-07-04 11:14:52.235,1,3.0,False,,False,True
3693.906,NOR,1,92.663,9.0,1.0,,,29.75,37.388,25.525,3631.053,3668.441,3693.966,296.0,259.0,254.0,297.0,False,MEDIUM,9.0,True,McLaren,3601.243,2026-07-04 11:16:24.797,1,3.0,False,,False,True
3786.852,NOR,1,92.946,10.0,1.0,,,29.879,37.479,25.588,3723.845,3761.324,3786.912,294.0,256.0,253.0,296.0,False,MEDIUM,10.0,True,McLaren,3693.906,2026-07-04 11:17:57.460,1,3.0,False,,False,True
3879.415,NOR,1,92.563,11.0,1.0,,,29.786,37.263,25.514,3816.698,3853.961,3879.475,295.0,258.0,253.0,297.0,False,MEDIUM,11.0,True,McLaren,3786.852,2026-07-04 11:19:30.406,1,3.0,False,,False,True
3971.887,NOR,1,92.472,12.0,1.0,,,29.78,37.232,25.46,3909.255,3946.487,3971.947,295.0,259.0,255.0,296.0,False,MEDIUM,12.0,True,McLaren,3879.415,2026-07-04 11:21:02.969,1,3.0,False,,False,True
4064.764,NOR,1,92.877,13.0,1.0,,,29.81,37.3,25.767,4001.757,4039.057,4064.824,294.0,259.0,254.0,292.0,False,MEDIUM,13.0,True,McLaren,3971.887,2026-07-04 11:22:35.441,1,3.0,False,,False,True
4157.658,NOR,1,92.894,14.0,1.0,,,29.954,37.255,25.685,4094.778,4132.033,4157.718,284.0,259.0,256.0,295.0,False,MEDIUM,14.0,True,McLaren,4064.764,2026-07-04 11:24:08.318,1,3.0,False,,False,True
4250.683,NOR,1,93.025,15.0,1.0,,,29.854,37.76,25.411,4187.572,4225.332,4250.743,285.0,262.0,254.0,298.0,False,MEDIUM,15.0,True,McLaren,4157.658,2026-07-04 11:25:41.212,1,3.0,False,,False,True
4342.986,NOR,1,92.303,16.0,1.0,,,29.757,37.213,25.333,4280.5,4317.713,4343.046,295.0,258.0,255.0,297.0,False,MEDIUM,16.0,True,McLaren,4250.683,2026-07-04 11:27:14.237,1,3.0,False,,False,True
4435.176,NOR,1,92.19,17.0,1.0,,,29.775,37.048,25.367,4372.821,4409.869,4435.236,298.0,261.0,254.0,306.0,True,MEDIUM,17.0,True,McLaren,4342.986,2026-07-04 11:28:46.540,1,3.0,False,,False,True
2950.738,RUS,63,,1.0,1.0,,,,38.852,25.269,,2925.586,2950.893,304.0,266.0,249.0,336.0,False,MEDIUM,1.0,True,Mercedes,2853.017,2026-07-04 11:03:56.571,1,3.0,False,,False,False
3045.356,RUS,63,94.618,2.0,1.0,,,30.181,38.354,26.083,2981.004,3019.358,3045.441,305.0,265.0,242.0,325.0,True,MEDIUM,2.0,True,Mercedes,2950.738,2026-07-04 11:05:34.292,12,4.0,False,,False,True
3140.262,RUS,63,94.906,3.0,1.0,,,30.236,39.132,25.538,3075.677,3114.809,3140.347,307.0,265.0,241.0,333.0,False,MEDIUM,3.0,True,Mercedes,3045.356,2026-07-04 11:07:08.910,1,5.0,False,,False,True
3233.509,RUS,63,93.247,4.0,1.0,,,30.368,37.421,25.458,3170.715,3208.136,3233.594,303.0,263.0,253.0,309.0,True,MEDIUM,4.0,True,Mercedes,3140.262,2026-07-04 11:08:43.816,1,5.0,False,,False,True
3326.016,RUS,63,92.507,5.0,1.0,,,29.639,37.402,25.466,3263.233,3300.635,3326.101,306.0,265.0,249.0,311.0,True,MEDIUM,5.0,True,Mercedes,3233.509,2026-07-04 11:10:17.063,1,5.0,False,,False,True
3418.449,RUS,63,92.433,6.0,1.0,,,29.766,37.189,25.478,3355.867,3393.056,3418.534,309.0,265.0,251.0,312.0,True,MEDIUM,6.0,True,Mercedes,3326.016,2026-07-04 11:11:49.570,1,5.0,False,,False,True
3510.598,RUS,63,92.149,7.0,1.0,,,29.51,37.182,25.457,3448.044,3485.226,3510.683,311.0,265.0,252.0,318.0,True,MEDIUM,7.0,True,Mercedes,3418.449,2026-07-04 11:13:22.003,1,5.0,False,,False,True
3603.942,RUS,63,93.344,8.0,1.0,,,29.632,37.254,26.458,3540.315,3577.569,3604.027,313.0,268.0,240.0,323.0,False,MEDIUM,8.0,True,Mercedes,3510.598,2026-07-04 11:14:54.152,1,5.0,False,,False,True
3696.43,RUS,63,92.488,9.0,1.0,,,29.826,37.576,25.086,3633.853,3671.429,3696.515,315.0,265.0,245.0,325.0,False,MEDIUM,9.0,True,Mercedes,3603.942,2026-07-04 11:16:27.496,1,4.0,False,,False,True
3789.832,RUS,63,93.402,10.0,1.0,,,30.364,37.436,25.602,3726.879,3764.315,3789.917,318.0,262.0,252.0,299.0,False,MEDIUM,10.0,True,Mercedes,3696.43,2026-07-04 11:17:59.984,1,4.0,False,,False,True
3882.288,RUS,63,92.456,11.0,1.0,,,29.889,37.224,25.343,3819.806,3857.03,3882.373,306.0,265.0,250.0,304.0,False,MEDIUM,11.0,True,Mercedes,3789.832,2026-07-04 11:19:33.386,1,4.0,False,,False,True
3974.708,RUS,63,92.42,12.0,1.0,,,29.9,37.218,25.302,3912.273,3949.491,3974.793,301.0,264.0,251.0,307.0,False,MEDIUM,12.0,True,Mercedes,3882.288,2026-07-04 11:21:05.842,1,4.0,False,,False,True
4067.149,RUS,63,92.441,13.0,1.0,,,29.939,37.297,25.205,4004.732,4042.029,4067.234,301.0,264.0,252.0,309.0,False,MEDIUM,13.0,True,Mercedes,3974.708,2026-07-04 11:22:38.262,1,4.0,False,,False,True
4159.444,RUS,63,92.295,14.0,1.0,,,29.908,37.084,25.303,4097.142,4134.226,4159.529,303.0,264.0,251.0,308.0,False,MEDIUM,14.0,True,Mercedes,4067.149,2026-07-04 11:24:10.703,1,4.0,False,,False,True
4251.837,RUS,63,92.393,15.0,1.0,,,29.924,37.203,25.266,4189.453,4226.656,4251.922,307.0,265.0,250.0,311.0,False,MEDIUM,15.0,True,Mercedes,4159.444,2026-07-04 11:25:42.998,1,4.0,False,,False,True
4344.055,RUS,63,92.218,16.0,1.0,,,29.861,37.261,25.096,4281.783,4319.044,4344.14,306.0,266.0,250.0,315.0,False,MEDIUM,16.0,True,Mercedes,4251.837,2026-07-04 11:27:15.391,1,4.0,False,,False,True
4436.032,RUS,63,91.977,17.0,1.0,,,29.782,36.756,25.439,4373.922,4410.678,4436.117,305.0,263.0,247.0,309.0,True,MEDIUM,17.0,True,Mercedes,4344.055,2026-07-04 11:28:47.609,1,4.0,False,,False,True
2952.235,LEC,16,,1.0,1.0,,,,38.912,25.733,,2926.571,2952.275,314.0,259.0,253.0,315.0,False,MEDIUM,1.0,True,Ferrari,2853.017,2026-07-04 11:03:56.571,1,7.0,False,,False,False
3046.611,LEC,16,94.376,2.0,1.0,,,30.032,38.537,25.807,2982.307,3020.844,3046.651,301.0,264.0,250.0,324.0,True,MEDIUM,2.0,True,Ferrari,2952.235,2026-07-04 11:05:35.789,12,7.0,False,,False,True
3141.146,LEC,16,94.535,3.0,1.0,,,30.041,38.58,25.914,3076.692,3115.272,3141.186,322.0,259.0,252.0,309.0,False,MEDIUM,3.0,True,Ferrari,3046.611,2026-07-04 11:07:10.165,1,7.0,False,,False,True
3234.39,LEC,16,93.244,4.0,1.0,,,29.848,37.752,25.644,3171.034,3208.786,3234.43,319.0,258.0,254.0,303.0,True,MEDIUM,4.0,True,Ferrari,3141.146,2026-07-04 11:08:44.700,1,6.0,False,,False,True
3326.988,LEC,16,92.598,5.0,1.0,,,29.438,37.438,25.722,3263.868,3301.306,3327.028,317.0,255.0,254.0,297.0,True,MEDIUM,5.0,True,Ferrari,3234.39,2026-07-04 11:10:17.944,1,6.0,False,,False,True
3419.63,LEC,16,92.642,6.0,1.0,,,29.427,37.438,25.777,3356.455,3393.893,3419.67,316.0,256.0,252.0,298.0,False,MEDIUM,6.0,True,Ferrari,3326.988,2026-07-04 11:11:50.542,1,6.0,False,,False,True
3512.15,LEC,16,92.52,7.0,1.0,,,29.711,37.259,25.55,3449.381,3486.64,3512.19,294.0,260.0,252.0,302.0,True,MEDIUM,7.0,True,Ferrari,3419.63,2026-07-04 11:13:23.184,1,6.0,False,,False,True
3604.754,LEC,16,92.604,8.0,1.0,,,29.858,37.153,25.593,3542.048,3579.201,3604.794,294.0,258.0,253.0,302.0,False,MEDIUM,8.0,True,Ferrari,3512.15,2026-07-04 11:14:55.704,1,6.0,False,,False,True
3697.554,LEC,16,92.8,9.0,1.0,,,29.925,37.261,25.614,3634.719,3671.98,3697.594,298.0,261.0,252.0,309.0,False,MEDIUM,9.0,True,Ferrari,3604.754,2026-07-04 11:16:28.308,1,6.0,False,,False,True
3790.644,LEC,16,93.09,10.0,1.0,,,29.983,37.772,25.335,3727.577,3765.349,3790.684,305.0,264.0,251.0,318.0,False,MEDIUM,10.0,True,Ferrari,3697.554,2026-07-04 11:18:01.108,1,5.0,False,,False,True
3883.314,LEC,16,92.67,11.0,1.0,,,29.858,37.241,25.571,3820.542,3857.783,3883.354,296.0,260.0,251.0,309.0,False,MEDIUM,11.0,True,Ferrari,3790.644,2026-07-04 11:19:34.198,1,5.0,False,,False,True
3975.852,LEC,16,92.538,12.0,1.0,,,29.739,37.355,25.444,3913.093,3950.448,3975.892,296.0,259.0,254.0,305.0,False,MEDIUM,12.0,True,Ferrari,3883.314,2026-07-04 11:21:06.868,1,5.0,False,,False,True
4068.185,LEC,16,92.333,13.0,1.0,,,29.779,36.977,25.577,4005.671,4042.648,4068.225,295.0,260.0,253.0,306.0,True,MEDIUM,13.0,True,Ferrari,3975.852,2026-07-04 11:22:39.406,1,5.0,False,,False,True
4160.774,LEC,16,92.589,14.0,1.0,,,29.94,37.272,25.377,4098.165,4135.437,4160.814,292.0,263.0,251.0,304.0,False,MEDIUM,14.0,True,Ferrari,4068.185,2026-07-04 11:24:11.739,1,5.0,False,,False,True
4253.366,LEC,16,92.592,15.0,1.0,,,30.037,37.024,25.531,4190.851,4227.875,4253.406,295.0,260.0,250.0,302.0,False,MEDIUM,15.0,True,Ferrari,4160.774,2026-07-04 11:25:44.328,1,5.0,False,,False,True
4345.855,LEC,16,92.489,16.0,1.0,,,29.862,36.99,25.637,4283.268,4320.258,4345.895,295.0,258.0,250.0,303.0,False,MEDIUM,16.0,True,Ferrari,4253.366,2026-07-04 11:27:16.920,1,5.0,False,,False,True
4438.013,LEC,16,92.158,17.0,1.0,,,29.835,36.9,25.423,4375.73,4412.63,4438.053,294.0,265.0,251.0,315.0,True,MEDIUM,17.0,True,Ferrari,4345.855,2026-07-04 11:28:49.409,1,5.0,False,,False,True
2951.898,VER,3,,1.0,1.0,,,,38.844,25.908,,2926.149,2952.027,313.0,258.0,253.0,311.0,False,MEDIUM,4.0,False,Red Bull Racing,2853.017,2026-07-04 11:03:56.571,1,6.0,False,,False,False
3045.577,VER,3,93.679,2.0,1.0,,,29.931,37.888,25.86,2981.882,3019.77,3045.63,302.0,259.0,252.0,308.0,True,MEDIUM,5.0,False,Red Bull Racing,2951.898,2026-07-04 11:05:35.452,12,5.0,False,,False,True
3139.317,VER,3,93.74,3.0,1.0,,,29.964,38.094,25.682,3075.594,3113.688,3139.37,312.0,257.0,254.0,306.0,False,MEDIUM,6.0,False,Red Bull Racing,3045.577,2026-07-04 11:07:09.131,1,4.0,False,,False,True
3232.29,VER,3,92.973,4.0,1.0,,,29.555,37.635,25.783,3168.925,3206.56,3232.343,305.0,259.0,254.0,308.0,True,MEDIUM,7.0,False,Red Bull Racing,3139.317,2026-07-04 11:08:42.871,1,4.0,False,,False,True
3324.978,VER,3,92.688,5.0,1.0,,,29.378,37.684,25.626,3261.721,3299.405,3325.031,305.0,259.0,253.0,303.0,True,MEDIUM,8.0,False,Red Bull Racing,3232.29,2026-07-04 11:10:15.844,1,4.0,False,,False,True
3417.467,VER,3,92.489,6.0,1.0,,,29.423,37.499,25.567,3354.454,3391.953,3417.52,302.0,260.0,255.0,302.0,True,MEDIUM,9.0,False,Red Bull Racing,3324.978,2026-07-04 11:11:48.532,1,4.0,False,,False,True
3509.86,VER,3,92.393,7.0,1.0,,,29.431,37.421,25.541,3446.951,3484.372,3509.913,303.0,261.0,255.0,304.0,True,MEDIUM,10.0,False,Red Bull Racing,3417.467,2026-07-04 11:13:21.021,1,4.0,False,,False,True
3603.504,VER,3,93.644,8.0,1.0,,,29.611,37.595,26.438,3539.524,3577.119,3603.557,298.0,260.0,253.0,303.0,False,MEDIUM,11.0,False,Red Bull Racing,3509.86,2026-07-04 11:14:53.414,1,4.0,False,,False,True
3697.008,VER,3,93.504,9.0,1.0,,,29.777,37.607,26.12,3633.334,3670.941,3697.061,295.0,259.0,255.0,298.0,False,MEDIUM,12.0,False,Red Bull Racing,3603.504,2026-07-04 11:16:27.058,1,5.0,False,,False,True
3791.059,VER,3,94.051,10.0,1.0,,,30.076,37.949,26.026,3727.137,3765.086,3791.112,314.0,259.0,254.0,304.0,False,MEDIUM,13.0,False,Red Bull Racing,3697.008,2026-07-04 11:18:00.562,1,6.0,False,,False,True
3884.351,VER,3,93.292,11.0,1.0,,,29.584,38.082,25.626,3820.696,3858.778,3884.404,315.0,259.0,251.0,308.0,False,MEDIUM,14.0,False,Red Bull Racing,3791.059,2026-07-04 11:19:34.613,1,6.0,False,,False,True
3977.113,VER,3,92.762,12.0,1.0,,,29.574,37.667,25.521,3913.978,3951.645,3977.166,300.0,258.0,255.0,303.0,False,MEDIUM,15.0,False,Red Bull Racing,3884.351,2026-07-04 11:21:07.905,1,6.0,False,,False,True
4070.236,VER,3,93.123,13.0,1.0,,,29.797,37.725,25.601,4006.963,4044.688,4070.289,299.0,258.0,256.0,301.0,False,MEDIUM,16.0,False,Red Bull Racing,3977.113,2026-07-04 11:22:40.667,1,6.0,False,,False,True
4163.259,VER,3,93.023,14.0,1.0,,,29.798,37.749,25.476,4100.087,4137.836,4163.312,293.0,258.0,257.0,300.0,False,MEDIUM,17.0,False,Red Bull Racing,4070.236,2026-07-04 11:24:13.790,1,6.0,False,,False,True
4256.548,VER,3,93.289,15.0,1.0,,,29.826,37.709,25.754,4193.138,4230.847,4256.601,293.0,259.0,255.0,301.0,False,MEDIUM,18.0,False,Red Bull Racing,4163.259,2026-07-04 11:25:46.813,1,6.0,False,,False,True
4349.529,VER,3,92.981,16.0,1.0,,,29.585,37.872,25.524,4286.186,4324.058,4349.582,300.0,257.0,256.0,301.0,False,MEDIUM,19.0,False,Red Bull Racing,4256.548,2026-07-04 11:27:20.102,1,6.0,False,,False,True
4441.943,VER,3,92.414,17.0,1.0,,,29.56,37.468,25.386,4379.142,4416.61,4441.996,293.0,260.0,255.0,299.0,False,MEDIUM,20.0,False,Red Bull Racing,4349.529,2026-07-04 11:28:53.083,1,6.0,False,,False,True
2951.656,PIA,81,,1.0,1.0,,,,38.617,26.491,,2925.274,2951.852,322.0,260.0,244.0,327.0,False,MEDIUM,1.0,True,McLaren,2853.017,2026-07-04 11:03:56.571,1,5.0,False,,False,False
3046.275,PIA,81,94.619,2.0,1.0,,,30.636,38.162,25.821,2982.346,3020.508,3046.329,319.0,262.0,252.0,318.0,True,MEDIUM,2.0,True,McLaren,2951.656,2026-07-04 11:05:35.210,12,6.0,False,,False,True
3140.672,PIA,81,94.397,3.0,1.0,,,30.027,38.106,26.264,3076.356,3114.462,3140.726,314.0,259.0,248.0,310.0,True,MEDIUM,3.0,True,McLaren,3046.275,2026-07-04 11:07:09.829,1,6.0,False,,False,True
3235.352,PIA,81,94.68,4.0,1.0,,,30.315,38.554,25.811,3171.041,3209.595,3235.406,315.0,256.0,255.0,304.0,False,MEDIUM,4.0,True,McLaren,3140.672,2026-07-04 11:08:44.226,1,7.0,False,,False,True
3328.164,PIA,81,92.812,5.0,1.0,,,29.681,37.488,25.643,3265.087,3302.575,3328.218,301.0,262.0,255.0,306.0,True,MEDIUM,5.0,True,McLaren,3235.352,2026-07-04 11:10:18.906,1,7.0,False,,False,True
3421.118,PIA,81,92.954,6.0,1.0,,,29.699,37.63,25.625,3357.917,3395.547,3421.172,296.0,260.0,256.0,303.0,False,MEDIUM,6.0,True,McLaren,3328.164,2026-07-04 11:11:51.718,1,7.0,False,,False,True
3513.69,PIA,81,92.572,7.0,1.0,,,29.646,37.379,25.547,3450.818,3488.197,3513.744,299.0,261.0,254.0,303.0,True,MEDIUM,7.0,True,McLaren,3421.118,2026-07-04 11:13:24.672,1,7.0,False,,False,True
3606.124,PIA,81,92.434,8.0,1.0,,,29.748,37.181,25.505,3543.492,3580.673,3606.178,300.0,257.0,254.0,304.0,False,MEDIUM,8.0,True,McLaren,3513.69,2026-07-04 11:14:57.244,1,7.0,True,TRACK LIMITS AT TURN 9 LAP 8 ,False,True
3699.043,PIA,81,92.919,9.0,1.0,,,29.834,37.566,25.519,3636.012,3673.578,3699.097,301.0,259.0,256.0,307.0,False,MEDIUM,9.0,True,McLaren,3606.124,2026-07-04 11:16:29.678,1,7.0,False,,False,True
3792.15,PIA,81,93.107,10.0,1.0,,,29.768,37.722,25.617,3728.865,3766.587,3792.204,299.0,258.0,255.0,307.0,False,MEDIUM,10.0,True,McLaren,3699.043,2026-07-04 11:18:02.597,1,7.0,False,,False,True
3885.791,PIA,81,93.641,11.0,1.0,,,29.878,37.866,25.897,3822.082,3859.948,3885.845,299.0,258.0,253.0,307.0,False,MEDIUM,11.0,True,McLaren,3792.15,2026-07-04 11:19:35.704,1,7.0,True,TRACK LIMITS AT TURN 9 LAP 11 ,False,True
3979.255,PIA,81,93.464,12.0,1.0,,,29.952,37.772,25.74,3915.797,3953.569,3979.309,293.0,257.0,255.0,300.0,False,MEDIUM,12.0,True,McLaren,3885.791,2026-07-04 11:21:09.345,1,7.0,False,,False,True
4071.962,PIA,81,92.707,13.0,1.0,,,29.728,37.428,25.551,4009.037,4046.465,4072.016,297.0,259.0,255.0,301.0,False,MEDIUM,13.0,True,McLaren,3979.255,2026-07-04 11:22:42.809,1,7.0,False,,False,True
4164.839,PIA,81,92.877,14.0,1.0,,,29.749,37.407,25.721,4101.765,4139.172,4164.893,301.0,256.0,254.0,298.0,False,MEDIUM,14.0,True,McLaren,4071.962,2026-07-04 11:24:15.516,1,7.0,False,,False,True
4257.981,PIA,81,93.142,15.0,1.0,,,29.826,37.637,25.679,4194.719,4232.356,4258.035,300.0,260.0,252.0,301.0,False,MEDIUM,15.0,True,McLaren,4164.839,2026-07-04 11:25:48.393,1,7.0,False,,False,True
4350.721,PIA,81,92.74,16.0,1.0,,,29.564,37.587,25.589,4287.599,4325.186,4350.775,300.0,260.0,249.0,306.0,False,MEDIUM,16.0,True,McLaren,4257.981,2026-07-04 11:27:21.535,1,7.0,False,,False,True
4442.944,PIA,81,92.223,17.0,1.0,,,29.51,37.38,25.333,4380.285,4417.665,4442.998,300.0,262.0,248.0,324.0,True,MEDIUM,17.0,True,McLaren,4350.721,2026-07-04 11:28:54.275,1,7.0,False,,False,True
2954.003,LAW,30,,1.0,1.0,,,,39.594,26.164,,2928.055,2954.036,317.0,262.0,245.0,317.0,False,MEDIUM,4.0,False,Racing Bulls,2853.017,2026-07-04 11:03:56.571,1,9.0,False,,False,False
3049.211,LAW,30,95.208,2.0,1.0,,,30.493,38.516,26.199,2984.529,3023.045,3049.244,298.0,260.0,251.0,305.0,True,MEDIUM,5.0,False,Racing Bulls,2954.003,2026-07-04 11:05:37.557,12,9.0,False,,False,True
3143.904,LAW,30,94.693,3.0,1.0,,,29.863,38.806,26.024,3079.107,3117.913,3143.937,304.0,260.0,253.0,310.0,True,MEDIUM,6.0,False,Racing Bulls,3049.211,2026-07-04 11:07:12.765,1,9.0,False,,False,True
3237.484,LAW,30,93.58,4.0,1.0,,,29.792,38.584,25.204,3173.729,3212.313,3237.517,307.0,263.0,254.0,335.0,True,MEDIUM,7.0,False,Racing Bulls,3143.904,2026-07-04 11:08:47.458,1,8.0,False,,False,True
3331.618,LAW,30,94.134,5.0,1.0,,,30.132,38.227,25.775,3267.649,3305.876,3331.651,293.0,259.0,254.0,297.0,False,MEDIUM,8.0,False,Racing Bulls,3237.484,2026-07-04 11:10:21.038,1,8.0,False,,False,True
3425.446,LAW,30,93.828,6.0,1.0,,,29.807,38.138,25.883,3361.458,3399.596,3425.479,290.0,259.0,254.0,296.0,False,MEDIUM,9.0,False,Racing Bulls,3331.618,2026-07-04 11:11:55.172,1,8.0,False,,False,True
3519.114,LAW,30,93.668,7.0,1.0,,,29.795,38.112,25.761,3455.274,3493.386,3519.147,291.0,259.0,255.0,295.0,False,MEDIUM,10.0,False,Racing Bulls,3425.446,2026-07-04 11:13:29.000,1,8.0,False,,False,True
3612.483,LAW,30,93.369,8.0,1.0,,,29.819,37.937,25.613,3548.966,3586.903,3612.516,293.0,259.0,255.0,299.0,True,MEDIUM,11.0,False,Racing Bulls,3519.114,2026-07-04 11:15:02.668,1,8.0,False,,False,True
3706.22,LAW,30,93.737,9.0,1.0,,,29.795,38.127,25.815,3642.311,3680.438,3706.253,291.0,258.0,254.0,296.0,False,MEDIUM,12.0,False,Racing Bulls,3612.483,2026-07-04 11:16:36.037,1,8.0,False,,False,True
3799.751,LAW,30,93.531,10.0,1.0,,,29.896,38.039,25.596,3736.149,3774.188,3799.784,290.0,259.0,254.0,298.0,False,MEDIUM,13.0,False,Racing Bulls,3706.22,2026-07-04 11:18:09.774,1,8.0,False,,False,True
3893.406,LAW,30,93.655,11.0,1.0,,,29.876,38.14,25.639,3829.66,3867.8,3893.439,291.0,259.0,255.0,296.0,False,MEDIUM,14.0,False,Racing Bulls,3799.751,2026-07-04 11:19:43.305,1,8.0,False,,False,True
3987.16,LAW,30,93.754,12.0,1.0,,,29.983,38.177,25.594,3923.422,3961.599,3987.193,290.0,255.0,255.0,299.0,False,MEDIUM,15.0,False,Racing Bulls,3893.406,2026-07-04 11:21:16.960,1,8.0,True,TRACK LIMITS AT TURN 13 LAP 12 ,False,True
4080.935,LAW,30,93.775,13.0,1.0,,,29.945,38.234,25.596,4017.138,4055.372,4080.968,289.0,258.0,256.0,297.0,False,MEDIUM,16.0,False,Racing Bulls,3987.16,2026-07-04 11:22:50.714,1,8.0,False,,False,True
4174.887,LAW,30,93.952,14.0,1.0,,,29.964,38.283,25.705,4110.932,4149.215,4174.92,289.0,259.0,256.0,297.0,False,MEDIUM,17.0,False,Racing Bulls,4080.935,2026-07-04 11:24:24.489,1,8.0,False,,False,True
4269.122,LAW,30,94.235,15.0,1.0,,,29.969,38.218,26.048,4204.889,4243.107,4269.155,289.0,261.0,255.0,299.0,False,MEDIUM,18.0,False,Racing Bulls,4174.887,2026-07-04 11:25:58.441,1,8.0,False,,False,True
4362.173,LAW,30,93.051,16.0,1.0,,,29.871,38.095,25.085,4299.026,4337.121,4362.206,291.0,262.0,254.0,320.0,True,MEDIUM,19.0,False,Racing Bulls,4269.122,2026-07-04 11:27:32.676,1,8.0,False,,False,True
4455.626,LAW,30,93.453,17.0,1.0,,,29.991,38.036,25.426,4392.197,4430.233,4455.659,288.0,263.0,255.0,304.0,False,MEDIUM,20.0,False,Racing Bulls,4362.173,2026-07-04 11:29:05.727,1,8.0,False,,False,True
2956.056,HAD,6,,1.0,1.0,,,,40.45,27.246,,2928.977,2956.277,318.0,259.0,240.0,317.0,False,MEDIUM,6.0,False,Red Bull Racing,2853.017,2026-07-04 11:03:56.571,1,13.0,False,,False,False
3051.798,HAD,6,95.742,2.0,1.0,,,30.964,38.734,26.044,2987.042,3025.776,3051.82,304.0,261.0,250.0,314.0,True,MEDIUM,7.0,False,Red Bull Racing,2956.056,2026-07-04 11:05:39.610,12,13.0,False,,False,True
3146.125,HAD,6,94.327,3.0,1.0,,,29.979,38.423,25.925,3081.799,3120.222,3146.147,304.0,259.0,254.0,309.0,True,MEDIUM,8.0,False,Red Bull Racing,3051.798,2026-07-04 11:07:15.352,1,12.0,False,,False,True
3240.412,HAD,6,94.287,4.0,1.0,,,29.898,38.319,26.07,3176.045,3214.364,3240.434,314.0,260.0,252.0,329.0,True,MEDIUM,9.0,False,Red Bull Racing,3146.125,2026-07-04 11:08:49.679,1,12.0,False,,False,True
3334.693,HAD,6,94.281,5.0,1.0,,,29.875,38.341,26.065,3270.309,3308.65,3334.715,308.0,263.0,241.0,330.0,True,MEDIUM,10.0,False,Red Bull Racing,3240.412,2026-07-04 11:10:23.966,1,12.0,False,,False,True
3428.159,HAD,6,93.466,6.0,1.0,,,29.884,38.059,25.523,3364.599,3402.658,3428.181,302.0,262.0,252.0,320.0,True,MEDIUM,11.0,False,Red Bull Racing,3334.693,2026-07-04 11:11:58.247,1,11.0,False,,False,True
3521.698,HAD,6,93.539,7.0,1.0,,,29.813,38.228,25.498,3457.994,3496.222,3521.72,311.0,262.0,255.0,324.0,False,MEDIUM,12.0,False,Red Bull Racing,3428.159,2026-07-04 11:13:31.713,1,10.0,False,,False,True
3615.161,HAD,6,93.463,8.0,1.0,,,29.805,37.919,25.739,3551.525,3589.444,3615.183,299.0,258.0,255.0,305.0,True,MEDIUM,13.0,False,Red Bull Racing,3521.698,2026-07-04 11:15:05.252,1,10.0,False,,False,True
3708.161,HAD,6,93.0,9.0,1.0,,,29.467,38.095,25.438,3644.65,3682.745,3708.183,308.0,263.0,255.0,320.0,True,MEDIUM,14.0,False,Red Bull Racing,3615.161,2026-07-04 11:16:38.715,1,9.0,False,,False,True
3801.708,HAD,6,93.547,10.0,1.0,,,29.953,37.974,25.62,3738.136,3776.11,3801.73,292.0,256.0,255.0,298.0,False,MEDIUM,15.0,False,Red Bull Racing,3708.161,2026-07-04 11:18:11.715,1,9.0,False,,False,True
3895.123,HAD,6,93.415,11.0,1.0,,,29.877,37.936,25.602,3831.607,3869.543,3895.145,294.0,258.0,255.0,301.0,False,MEDIUM,16.0,False,Red Bull Racing,3801.708,2026-07-04 11:19:45.262,1,9.0,False,,False,True
3988.593,HAD,6,93.47,12.0,1.0,,,29.936,37.947,25.587,3925.081,3963.028,3988.615,296.0,258.0,257.0,302.0,False,MEDIUM,17.0,False,Red Bull Racing,3895.123,2026-07-04 11:21:18.677,1,9.0,False,,False,True
4082.057,HAD,6,93.464,13.0,1.0,,,29.82,38.029,25.615,4018.435,4056.464,4082.079,296.0,258.0,255.0,301.0,False,MEDIUM,18.0,False,Red Bull Racing,3988.593,2026-07-04 11:22:52.147,1,9.0,False,,False,True
4175.661,HAD,6,93.604,14.0,1.0,,,29.992,37.916,25.696,4112.071,4149.987,4175.683,293.0,260.0,255.0,303.0,False,MEDIUM,19.0,False,Red Bull Racing,4082.057,2026-07-04 11:24:25.611,1,9.0,False,,False,True
4269.591,HAD,6,93.93,15.0,1.0,,,29.973,38.14,25.817,4205.656,4243.796,4269.613,292.0,263.0,250.0,340.0,False,MEDIUM,20.0,False,Red Bull Racing,4175.661,2026-07-04 11:25:59.215,1,9.0,False,,False,True
4363.036,HAD,6,93.445,16.0,1.0,,,30.029,38.119,25.297,4299.642,4337.761,4363.058,293.0,263.0,252.0,325.0,False,MEDIUM,21.0,False,Red Bull Racing,4269.591,2026-07-04 11:27:33.145,1,9.0,False,,False,True
4456.346,HAD,6,93.31,17.0,1.0,,,29.94,37.957,25.413,4392.998,4430.955,4456.368,290.0,264.0,251.0,323.0,False,MEDIUM,22.0,False,Red Bull Racing,4363.036,2026-07-04 11:29:06.590,1,9.0,False,,False,True
2954.852,LIN,41,,1.0,1.0,,,,40.258,26.444,,2928.617,2954.955,305.0,264.0,250.0,325.0,False,MEDIUM,4.0,False,Racing Bulls,2853.017,2026-07-04 11:03:56.571,1,10.0,False,,False,False
3049.73,LIN,41,94.878,2.0,1.0,,,30.101,38.725,26.052,2985.036,3023.761,3049.813,309.0,261.0,252.0,310.0,True,MEDIUM,5.0,False,Racing Bulls,2954.852,2026-07-04 11:05:38.406,12,10.0,False,,False,True
3144.438,LIN,41,94.708,3.0,1.0,,,29.897,38.907,25.904,3079.71,3118.617,3144.521,307.0,261.0,251.0,312.0,True,MEDIUM,6.0,False,Racing Bulls,3049.73,2026-07-04 11:07:13.284,1,10.0,False,,False,True
3238.72,LIN,41,94.282,4.0,1.0,,,29.664,38.696,25.922,3174.185,3212.881,3238.803,312.0,261.0,251.0,311.0,True,MEDIUM,7.0,False,Racing Bulls,3144.438,2026-07-04 11:08:47.992,1,10.0,False,,False,True
3332.795,LIN,41,94.075,5.0,1.0,,,29.685,38.639,25.751,3268.488,3307.127,3332.878,325.0,262.0,250.0,306.0,True,MEDIUM,8.0,False,Racing Bulls,3238.72,2026-07-04 11:10:22.274,1,9.0,False,,False,True
3426.897,LIN,41,94.102,6.0,1.0,,,29.991,38.288,25.823,3362.869,3401.157,3426.98,293.0,261.0,254.0,302.0,False,MEDIUM,9.0,False,Racing Bulls,3332.795,2026-07-04 11:11:56.349,1,9.0,False,,False,True
3520.704,LIN,41,93.807,7.0,1.0,,,29.877,38.178,25.752,3456.857,3495.035,3520.787,295.0,258.0,255.0,301.0,True,MEDIUM,10.0,False,Racing Bulls,3426.897,2026-07-04 11:13:30.451,1,9.0,False,,False,True
3614.276,LIN,41,93.572,8.0,1.0,,,29.836,38.05,25.686,3550.623,3588.673,3614.359,295.0,258.0,255.0,302.0,True,MEDIUM,11.0,False,Racing Bulls,3520.704,2026-07-04 11:15:04.258,1,9.0,False,,False,True
3708.993,LIN,41,94.717,9.0,1.0,,,29.797,38.127,26.793,3644.156,3682.283,3709.076,296.0,258.0,252.0,299.0,False,MEDIUM,12.0,False,Racing Bulls,3614.276,2026-07-04 11:16:37.830,1,10.0,False,,False,True
3802.97,LIN,41,93.977,10.0,1.0,,,30.065,38.214,25.698,3739.141,3777.355,3803.053,301.0,260.0,254.0,308.0,False,MEDIUM,13.0,False,Racing Bulls,3708.993,2026-07-04 11:18:12.547,1,10.0,False,,False,True
3896.691,LIN,41,93.721,11.0,1.0,,,29.863,38.112,25.746,3832.916,3871.028,3896.774,296.0,260.0,254.0,304.0,False,MEDIUM,14.0,False,Racing Bulls,3802.97,2026-07-04 11:19:46.524,1,10.0,False,,False,True
3990.614,LIN,41,93.923,12.0,1.0,,,30.055,38.215,25.653,3926.829,3965.044,3990.697,293.0,259.0,254.0,300.0,False,MEDIUM,15.0,False,Racing Bulls,3896.691,2026-07-04 11:21:20.245,1,10.0,False,,False,True
4084.473,LIN,41,93.859,13.0,1.0,,,30.127,38.068,25.664,4020.824,4058.892,4084.556,292.0,260.0,255.0,300.0,False,MEDIUM,16.0,False,Racing Bulls,3990.614,2026-07-04 11:22:54.168,1,10.0,False,,False,True
4178.484,LIN,41,94.011,14.0,1.0,,,29.945,38.392,25.674,4114.501,4152.893,4178.567,291.0,260.0,255.0,299.0,False,MEDIUM,17.0,False,Racing Bulls,4084.473,2026-07-04 11:24:28.027,1,10.0,False,,False,True
4272.752,LIN,41,94.268,15.0,1.0,,,30.067,38.491,25.71,4208.634,4247.125,4272.835,292.0,260.0,254.0,299.0,False,MEDIUM,18.0,False,Racing Bulls,4178.484,2026-07-04 11:26:02.038,1,10.0,False,,False,True
4366.6,LIN,41,93.848,16.0,1.0,,,29.953,38.297,25.598,4302.788,4341.085,4366.683,293.0,259.0,254.0,300.0,False,MEDIUM,19.0,False,Racing Bulls,4272.752,2026-07-04 11:27:36.306,1,10.0,False,,False,True
4460.503,LIN,41,93.903,17.0,1.0,,,29.973,38.156,25.774,4396.656,4434.812,4460.586,289.0,259.0,255.0,297.0,False,MEDIUM,20.0,False,Racing Bulls,4366.6,2026-07-04 11:29:10.154,1,10.0,False,,False,True
2953.404,GAS,10,,1.0,1.0,,,,39.813,26.063,,2927.461,2953.509,331.0,254.0,252.0,306.0,False,MEDIUM,4.0,False,Alpine,2853.017,2026-07-04 11:03:56.571,1,8.0,False,,False,False
3048.673,GAS,10,95.269,2.0,1.0,,,30.102,38.816,26.351,2983.581,3022.397,3048.748,310.0,255.0,249.0,301.0,True,MEDIUM,5.0,False,Alpine,2953.404,2026-07-04 11:05:36.958,12,8.0,False,,False,True
3143.322,GAS,10,94.649,3.0,1.0,,,30.073,38.525,26.051,3078.821,3117.346,3143.397,305.0,253.0,250.0,299.0,True,MEDIUM,6.0,False,Alpine,3048.673,2026-07-04 11:07:12.227,1,8.0,False,,False,True
3238.26,GAS,10,94.938,4.0,1.0,,,30.044,38.484,26.41,3173.441,3211.925,3238.335,301.0,256.0,251.0,297.0,False,MEDIUM,7.0,False,Alpine,3143.322,2026-07-04 11:08:46.876,1,9.0,False,,False,True
3333.549,GAS,10,95.289,5.0,1.0,,,30.235,39.14,25.914,3268.57,3307.71,3333.624,297.0,259.0,246.0,312.0,False,MEDIUM,8.0,False,Alpine,3238.26,2026-07-04 11:10:21.814,1,10.0,False,,False,True
3427.722,GAS,10,94.173,6.0,1.0,,,29.886,38.417,25.87,3363.51,3401.927,3427.797,302.0,257.0,250.0,309.0,True,MEDIUM,9.0,False,Alpine,3333.549,2026-07-04 11:11:57.103,1,10.0,False,,False,True
3522.591,GAS,10,94.869,7.0,1.0,,,29.886,38.243,26.74,,3495.926,3522.666,301.0,257.0,251.0,310.0,False,MEDIUM,10.0,False,Alpine,3427.722,2026-07-04 11:13:31.276,1,11.0,False,,False,True
3616.533,GAS,10,93.942,8.0,1.0,,,29.931,38.234,25.777,3552.597,3590.831,3616.608,303.0,256.0,250.0,308.0,True,MEDIUM,11.0,False,Alpine,3522.591,2026-07-04 11:15:06.145,1,11.0,False,,False,True
3711.053,GAS,10,94.52,9.0,1.0,,,29.971,38.265,26.284,3646.579,3684.844,3711.128,298.0,251.0,250.0,298.0,False,MEDIUM,12.0,False,Alpine,3616.533,2026-07-04 11:16:40.087,1,11.0,False,,False,True
3805.496,GAS,10,94.443,10.0,1.0,,,30.139,38.22,26.084,3741.267,3779.487,3805.571,295.0,253.0,242.0,300.0,False,MEDIUM,13.0,False,Alpine,3711.053,2026-07-04 11:18:14.607,1,11.0,False,,False,True
3899.884,GAS,10,94.388,11.0,1.0,,,30.117,38.219,26.052,3835.688,3873.907,3899.959,297.0,252.0,249.0,298.0,False,MEDIUM,14.0,False,Alpine,3805.496,2026-07-04 11:19:49.050,1,11.0,False,,False,True
3994.239,GAS,10,94.355,12.0,1.0,,,30.094,38.272,25.989,3930.053,3968.325,3994.314,294.0,255.0,249.0,295.0,False,MEDIUM,15.0,False,Alpine,3899.884,2026-07-04 11:21:23.438,1,11.0,False,,False,True
4088.443,GAS,10,94.204,13.0,1.0,,,30.165,38.133,25.906,4024.479,4062.612,4088.518,293.0,256.0,252.0,297.0,False,MEDIUM,16.0,False,Alpine,3994.239,2026-07-04 11:22:57.793,1,11.0,False,,False,True
4183.03,GAS,10,94.587,14.0,1.0,,,30.087,38.429,26.071,4118.605,4157.034,4183.105,293.0,255.0,251.0,297.0,False,MEDIUM,17.0,False,Alpine,4088.443,2026-07-04 11:24:31.997,1,11.0,False,,False,True
4277.584,GAS,10,94.554,15.0,1.0,,,30.145,38.384,26.025,4213.25,4251.634,4277.659,294.0,255.0,252.0,297.0,False,MEDIUM,18.0,False,Alpine,4183.03,2026-07-04 11:26:06.584,1,11.0,False,,False,True
4371.786,GAS,10,94.202,16.0,1.0,,,30.029,38.336,25.837,4307.688,4346.024,4371.861,296.0,256.0,249.0,299.0,False,MEDIUM,19.0,False,Alpine,4277.584,2026-07-04 11:27:41.138,1,11.0,False,,False,True
4465.666,GAS,10,93.88,17.0,1.0,,,29.992,38.117,25.771,4401.853,4439.97,4465.741,292.0,257.0,247.0,306.0,True,MEDIUM,20.0,False,Alpine,4371.786,2026-07-04 11:29:15.340,1,11.0,False,,False,True
2955.266,COL,43,,1.0,1.0,,,,40.151,27.048,,2928.367,2955.371,316.0,254.0,214.0,331.0,False,MEDIUM,4.0,False,Alpine,2853.017,2026-07-04 11:03:56.571,1,11.0,False,,False,False
3050.975,COL,43,95.709,2.0,1.0,,,30.917,38.44,26.352,2986.256,3024.696,3051.048,288.0,256.0,249.0,302.0,True,MEDIUM,5.0,False,Alpine,2955.266,2026-07-04 11:05:38.820,12,11.0,False,,False,True
3145.728,COL,43,94.753,3.0,1.0,,,30.1,38.533,26.12,3081.148,3119.681,3145.801,306.0,255.0,246.0,302.0,True,MEDIUM,6.0,False,Alpine,3050.975,2026-07-04 11:07:14.529,1,11.0,False,,False,True
3239.957,COL,43,94.229,4.0,1.0,,,30.007,38.064,26.158,3175.808,3213.872,3240.03,314.0,256.0,250.0,303.0,True,MEDIUM,7.0,False,Alpine,3145.728,2026-07-04 11:08:49.282,1,11.0,False,,False,True
3334.504,COL,43,94.547,5.0,1.0,,,29.952,38.335,26.26,3269.982,3308.317,3334.577,306.0,257.0,236.0,326.0,False,MEDIUM,8.0,False,Alpine,3239.957,2026-07-04 11:10:23.511,1,11.0,False,,False,True
3430.008,COL,43,95.504,6.0,1.0,,,31.006,38.385,26.113,3365.583,3403.968,3430.081,299.0,257.0,248.0,302.0,False,MEDIUM,9.0,False,Alpine,3334.504,2026-07-04 11:11:58.058,1,12.0,False,,False,True
3524.493,COL,43,94.485,7.0,1.0,,,30.156,38.136,26.193,3460.237,3498.373,3524.566,298.0,257.0,249.0,301.0,False,MEDIUM,10.0,False,Alpine,3430.008,2026-07-04 11:13:33.562,1,12.0,False,,False,True
3618.633,COL,43,94.14,8.0,1.0,,,30.001,38.205,25.934,3554.567,3592.772,3618.706,301.0,256.0,253.0,302.0,True,MEDIUM,11.0,False,Alpine,3524.493,2026-07-04 11:15:08.047,1,12.0,False,,False,True
3712.531,COL,43,93.898,9.0,1.0,,,29.843,38.041,26.014,3648.549,3686.59,3712.604,303.0,255.0,248.0,297.0,True,MEDIUM,12.0,False,Alpine,3618.633,2026-07-04 11:16:42.187,1,12.0,False,,False,True
3806.747,COL,43,94.216,10.0,1.0,,,30.075,38.216,25.925,3742.679,3780.895,3806.82,301.0,255.0,245.0,304.0,False,MEDIUM,13.0,False,Alpine,3712.531,2026-07-04 11:18:16.085,1,12.0,False,,False,True
3900.956,COL,43,94.209,11.0,1.0,,,29.972,38.302,25.935,3836.792,3875.094,3901.029,304.0,255.0,252.0,301.0,False,MEDIUM,14.0,False,Alpine,3806.747,2026-07-04 11:19:50.301,1,12.0,False,,False,True
3995.685,COL,43,94.729,12.0,1.0,,,30.104,38.449,26.176,3931.133,3969.582,3995.758,297.0,255.0,250.0,301.0,False,MEDIUM,15.0,False,Alpine,3900.956,2026-07-04 11:21:24.510,1,12.0,False,,False,True
4089.989,COL,43,94.304,13.0,1.0,,,30.05,38.279,25.975,4025.808,4064.087,4090.062,299.0,254.0,252.0,300.0,False,MEDIUM,16.0,False,Alpine,3995.685,2026-07-04 11:22:59.239,1,12.0,False,,False,True
4184.358,COL,43,94.369,14.0,1.0,,,29.971,38.305,26.093,4120.033,4158.338,4184.431,300.0,255.0,248.0,301.0,False,MEDIUM,17.0,False,Alpine,4089.989,2026-07-04 11:24:33.543,1,12.0,False,,False,True
4278.944,COL,43,94.586,15.0,1.0,,,30.133,38.426,26.027,4214.564,4252.99,4279.017,302.0,257.0,249.0,311.0,False,MEDIUM,18.0,False,Alpine,4184.358,2026-07-04 11:26:07.912,1,12.0,False,,False,True
4372.899,COL,43,93.955,16.0,1.0,,,30.069,38.13,25.756,4309.086,4347.216,4372.972,298.0,257.0,251.0,303.0,False,MEDIUM,19.0,False,Alpine,4278.944,2026-07-04 11:27:42.498,1,12.0,False,,False,True
4466.419,COL,43,93.52,17.0,1.0,,,29.804,38.178,25.538,4402.776,4440.954,4466.492,300.0,257.0,240.0,329.0,True,MEDIUM,20.0,False,Alpine,4372.899,2026-07-04 11:29:16.453,1,12.0,False,,False,True
2957.98,BOR,5,,1.0,1.0,,,,40.496,27.183,,2931.118,2957.98,318.0,257.0,240.0,328.0,False,MEDIUM,7.0,False,Audi,2853.017,2026-07-04 11:03:56.571,1,16.0,False,,False,False
3054.199,BOR,5,96.219,2.0,1.0,,,30.432,39.284,26.503,2988.412,3027.696,3054.199,307.0,259.0,247.0,307.0,True,MEDIUM,8.0,False,Audi,2957.98,2026-07-04 11:05:41.534,12,16.0,False,,False,True
3150.259,BOR,5,96.06,3.0,1.0,,,30.601,39.073,26.386,3084.8,3123.873,3150.259,298.0,259.0,246.0,317.0,True,MEDIUM,9.0,False,Audi,3054.199,2026-07-04 11:07:17.753,1,16.0,False,,False,True
3245.248,BOR,5,94.989,4.0,1.0,,,30.34,38.48,26.169,3180.599,3219.079,3245.248,293.0,261.0,249.0,316.0,True,MEDIUM,10.0,False,Audi,3150.259,2026-07-04 11:08:53.813,1,16.0,False,,False,True
3339.909,BOR,5,94.661,5.0,1.0,,,30.043,38.449,26.169,3275.291,3313.74,3339.909,299.0,261.0,249.0,317.0,True,MEDIUM,11.0,False,Audi,3245.248,2026-07-04 11:10:28.802,1,16.0,False,,False,True
3433.437,BOR,5,93.528,6.0,1.0,,,29.926,38.226,25.376,3369.835,3408.061,3433.437,301.0,262.0,247.0,328.0,True,MEDIUM,12.0,False,Audi,3339.909,2026-07-04 11:12:03.463,1,15.0,False,,False,True
3527.732,BOR,5,94.295,7.0,1.0,,,29.995,38.383,25.917,3463.432,3501.815,3527.732,294.0,257.0,250.0,300.0,False,MEDIUM,13.0,False,Audi,3433.437,2026-07-04 11:13:36.991,1,15.0,False,,False,True
3621.636,BOR,5,93.904,8.0,1.0,,,30.054,38.111,25.739,3557.786,3595.897,3621.636,293.0,258.0,252.0,300.0,False,MEDIUM,14.0,False,Audi,3527.732,2026-07-04 11:15:11.286,1,15.0,False,,False,True
3715.738,BOR,5,94.102,9.0,1.0,,,29.911,38.254,25.937,3651.547,3689.801,3715.738,296.0,258.0,249.0,301.0,False,MEDIUM,15.0,False,Audi,3621.636,2026-07-04 11:16:45.190,1,15.0,False,,False,True
3810.037,BOR,5,94.299,10.0,1.0,,,30.032,38.228,26.039,3745.77,3783.998,3810.037,296.0,260.0,246.0,311.0,False,MEDIUM,16.0,False,Audi,3715.738,2026-07-04 11:18:19.292,1,15.0,False,,False,True
3903.759,BOR,5,93.722,11.0,1.0,,,29.951,38.337,25.434,3839.988,3878.325,3903.759,309.0,260.0,249.0,333.0,False,MEDIUM,17.0,False,Audi,3810.037,2026-07-04 11:19:53.591,1,14.0,False,,False,True
3998.034,BOR,5,94.275,12.0,1.0,,,30.12,38.406,25.749,3933.879,3972.285,3998.034,290.0,254.0,251.0,300.0,False,MEDIUM,18.0,False,Audi,3903.759,2026-07-04 11:21:27.313,1,14.0,False,,False,True
4092.26,BOR,5,94.226,13.0,1.0,,,30.031,38.362,25.833,4028.065,4066.427,4092.26,294.0,259.0,251.0,299.0,False,MEDIUM,19.0,False,Audi,3998.034,2026-07-04 11:23:01.588,1,14.0,False,,False,True
4186.128,BOR,5,93.868,14.0,1.0,,,30.075,38.093,25.7,4122.335,4160.428,4186.128,290.0,261.0,250.0,301.0,False,MEDIUM,20.0,False,Audi,4092.26,2026-07-04 11:24:35.814,1,14.0,False,,False,True
4280.155,BOR,5,94.027,15.0,1.0,,,29.991,38.28,25.756,4216.119,4254.399,4280.155,296.0,260.0,249.0,308.0,False,MEDIUM,21.0,False,Audi,4186.128,2026-07-04 11:26:09.682,1,14.0,False,,False,True
4374.386,BOR,5,94.231,16.0,1.0,,,30.062,38.38,25.789,4310.217,4348.597,4374.386,302.0,260.0,248.0,321.0,False,MEDIUM,22.0,False,Audi,4280.155,2026-07-04 11:27:43.709,1,14.0,False,,False,True
4467.892,BOR,5,93.506,17.0,1.0,,,29.895,38.199,25.412,4404.281,4442.48,4467.892,293.0,261.0,248.0,331.0,True,MEDIUM,23.0,False,Audi,4374.386,2026-07-04 11:29:17.940,1,14.0,False,,False,True
2955.832,BEA,87,,1.0,1.0,,,,40.186,26.808,,2929.149,2955.886,306.0,263.0,243.0,319.0,False,MEDIUM,1.0,True,Haas F1 Team,2853.017,2026-07-04 11:03:56.571,1,12.0,False,,False,False
3051.439,BEA,87,95.607,2.0,1.0,,,30.843,38.537,26.227,2986.729,3025.266,3051.493,300.0,262.0,246.0,319.0,True,MEDIUM,2.0,True,Haas F1 Team,2955.832,2026-07-04 11:05:39.386,12,12.0,False,,False,True
3147.503,BEA,87,96.064,3.0,1.0,,,30.379,39.341,26.344,3081.872,3121.213,3147.557,310.0,259.0,247.0,305.0,False,MEDIUM,3.0,True,Haas F1 Team,3051.439,2026-07-04 11:07:14.993,1,13.0,False,,False,True
3241.984,BEA,87,94.481,4.0,1.0,,,30.133,38.283,26.065,3177.69,3215.973,3242.038,295.0,261.0,249.0,304.0,True,MEDIUM,4.0,True,Haas F1 Team,3147.503,2026-07-04 11:08:51.057,1,13.0,False,,False,True
3336.339,BEA,87,94.355,5.0,1.0,,,30.067,38.198,26.09,3272.105,3310.303,3336.393,292.0,262.0,247.0,302.0,True,MEDIUM,5.0,True,Haas F1 Team,3241.984,2026-07-04 11:10:25.538,1,13.0,False,,False,True
3430.8,BEA,87,94.461,6.0,1.0,,,30.064,38.25,26.147,3366.457,3404.707,3430.854,295.0,260.0,248.0,306.0,False,MEDIUM,6.0,True,Haas F1 Team,3336.339,2026-07-04 11:11:59.893,1,13.0,False,,False,True
3525.24,BEA,87,94.44,7.0,1.0,,,29.799,38.441,26.2,3460.653,3499.094,3525.294,311.0,259.0,249.0,308.0,False,MEDIUM,7.0,True,Haas F1 Team,3430.8,2026-07-04 11:13:34.354,1,13.0,False,,False,True
3619.628,BEA,87,94.388,8.0,1.0,,,29.76,38.395,26.233,3555.054,3593.449,3619.682,311.0,257.0,249.0,304.0,False,MEDIUM,8.0,True,Haas F1 Team,3525.24,2026-07-04 11:15:08.794,1,13.0,False,,False,True
3714.449,BEA,87,94.821,9.0,1.0,,,29.704,38.215,26.902,3649.386,3687.601,3714.503,310.0,256.0,243.0,299.0,False,MEDIUM,9.0,True,Haas F1 Team,3619.628,2026-07-04 11:16:43.182,1,14.0,False,,False,True
3809.665,BEA,87,95.216,10.0,1.0,,,30.125,38.724,26.367,3744.628,3783.352,3809.719,308.0,255.0,247.0,305.0,False,MEDIUM,10.0,True,Haas F1 Team,3714.449,2026-07-04 11:18:18.003,1,14.0,False,,False,True
3904.634,BEA,87,94.969,11.0,1.0,,,29.823,38.471,26.675,3839.542,3878.013,3904.688,309.0,257.0,247.0,304.0,False,MEDIUM,11.0,True,Haas F1 Team,3809.665,2026-07-04 11:19:53.219,1,15.0,False,,False,True
3999.085,BEA,87,94.451,12.0,1.0,,,29.833,38.606,26.012,3934.521,3973.127,3999.139,309.0,258.0,249.0,309.0,False,MEDIUM,12.0,True,Haas F1 Team,3904.634,2026-07-04 11:21:28.188,1,15.0,False,,False,True
4093.77,BEA,87,94.685,13.0,1.0,,,29.817,38.68,26.188,4028.956,4067.636,4093.824,308.0,256.0,249.0,296.0,False,MEDIUM,13.0,True,Haas F1 Team,3999.085,2026-07-04 11:23:02.639,1,15.0,False,,False,True
4188.527,BEA,87,94.757,14.0,1.0,,,30.088,38.5,26.169,4123.912,4162.412,4188.581,290.0,259.0,248.0,298.0,False,MEDIUM,14.0,True,Haas F1 Team,4093.77,2026-07-04 11:24:37.324,1,15.0,False,,False,True
4283.273,BEA,87,94.746,15.0,1.0,,,30.299,38.322,26.125,4218.88,4257.202,4283.327,289.0,257.0,248.0,299.0,False,MEDIUM,15.0,True,Haas F1 Team,4188.527,2026-07-04 11:26:12.081,1,15.0,False,,False,True
4377.603,BEA,87,94.33,16.0,1.0,,,30.285,38.24,25.805,4313.612,4351.852,4377.657,290.0,260.0,250.0,304.0,True,MEDIUM,16.0,True,Haas F1 Team,4283.273,2026-07-04 11:27:46.827,1,15.0,False,,False,True
4471.177,BEA,87,93.574,17.0,1.0,,,30.08,38.076,25.418,4407.737,4445.813,4471.231,289.0,264.0,246.0,312.0,True,MEDIUM,17.0,True,Haas F1 Team,4377.603,2026-07-04 11:29:21.157,1,15.0,False,,False,True
2956.641,HUL,27,,1.0,1.0,,,,40.015,26.907,,2929.867,2956.777,316.0,258.0,244.0,316.0,False,MEDIUM,7.0,False,Audi,2853.017,2026-07-04 11:03:56.571,1,14.0,False,,False,False
3053.295,HUL,27,96.654,2.0,1.0,,,31.094,39.134,26.426,2987.787,3026.921,3053.347,320.0,256.0,247.0,304.0,True,MEDIUM,8.0,False,Audi,2956.641,2026-07-04 11:05:40.195,12,14.0,False,,False,True
3149.064,HUL,27,95.769,3.0,1.0,,,30.549,38.932,26.288,3083.896,3122.828,3149.116,288.0,254.0,245.0,296.0,True,MEDIUM,9.0,False,Audi,3053.295,2026-07-04 11:07:16.849,1,14.0,False,,False,True
3243.939,HUL,27,94.875,4.0,1.0,,,30.229,38.617,26.029,3179.345,3217.962,3243.991,289.0,260.0,251.0,301.0,True,MEDIUM,10.0,False,Audi,3149.064,2026-07-04 11:08:52.618,1,14.0,False,,False,True
3338.15,HUL,27,94.211,5.0,1.0,,,30.154,38.274,25.783,3274.145,3312.419,3338.202,289.0,259.0,251.0,300.0,True,MEDIUM,11.0,False,Audi,3243.939,2026-07-04 11:10:27.493,1,14.0,False,,False,True
3432.254,HUL,27,94.104,6.0,1.0,,,29.886,38.384,25.834,3368.088,3406.472,3432.306,293.0,259.0,252.0,301.0,True,MEDIUM,12.0,False,Audi,3338.15,2026-07-04 11:12:01.704,1,14.0,False,,False,True
3526.12,HUL,27,93.866,7.0,1.0,,,29.944,38.111,25.811,3462.25,3500.361,3526.172,295.0,262.0,253.0,307.0,True,MEDIUM,13.0,False,Audi,3432.254,2026-07-04 11:13:35.808,1,14.0,False,,False,True
3620.084,HUL,27,93.964,8.0,1.0,,,29.828,37.929,26.207,3556.0,3593.929,3620.136,295.0,261.0,249.0,319.0,False,MEDIUM,14.0,False,Audi,3526.12,2026-07-04 11:15:09.674,1,14.0,False,,False,True
3713.75,HUL,27,93.666,9.0,1.0,,,30.033,37.966,25.667,3650.169,3688.135,3713.802,295.0,257.0,248.0,337.0,True,MEDIUM,15.0,False,Audi,3620.084,2026-07-04 11:16:43.638,1,13.0,False,,False,True
3808.62,HUL,27,94.87,10.0,1.0,,,30.26,38.555,26.055,3744.062,3782.617,3808.672,288.0,255.0,249.0,298.0,False,MEDIUM,16.0,False,Audi,3713.75,2026-07-04 11:18:17.304,1,13.0,False,,False,True
3902.914,HUL,27,94.294,11.0,1.0,,,30.109,38.25,25.935,3838.781,3877.031,3902.966,289.0,257.0,250.0,301.0,False,MEDIUM,17.0,False,Audi,3808.62,2026-07-04 11:19:52.174,1,13.0,False,,False,True
3996.902,HUL,27,93.988,12.0,1.0,,,30.081,38.216,25.691,3933.047,3971.263,3996.954,288.0,255.0,251.0,302.0,False,MEDIUM,18.0,False,Audi,3902.914,2026-07-04 11:21:26.468,1,13.0,False,,False,True
4090.902,HUL,27,94.0,13.0,1.0,,,29.932,38.295,25.773,4026.886,4065.181,4090.954,292.0,259.0,253.0,300.0,False,MEDIUM,19.0,False,Audi,3996.902,2026-07-04 11:23:00.456,1,13.0,False,,False,True
4184.916,HUL,27,94.014,14.0,1.0,,,29.976,38.128,25.91,4120.93,4159.058,4184.968,293.0,262.0,248.0,310.0,False,MEDIUM,20.0,False,Audi,4090.902,2026-07-04 11:24:34.456,1,13.0,False,,False,True
4279.651,HUL,27,94.735,15.0,1.0,,,29.816,39.068,25.851,4214.784,4253.852,4279.703,307.0,261.0,247.0,316.0,False,MEDIUM,21.0,False,Audi,4184.916,2026-07-04 11:26:08.470,1,13.0,False,,False,True
4373.576,HUL,27,93.925,16.0,1.0,,,30.249,38.296,25.38,4309.952,4348.248,4373.628,280.0,263.0,249.0,335.0,False,MEDIUM,22.0,False,Audi,4279.651,2026-07-04 11:27:43.205,1,13.0,False,,False,True
4467.073,HUL,27,93.497,17.0,1.0,,,30.127,38.235,25.135,4403.755,4441.99,4467.125,278.0,266.0,246.0,329.0,True,MEDIUM,23.0,False,Audi,4373.576,2026-07-04 11:29:17.130,1,13.0,False,,False,True
2956.884,OCO,31,,1.0,1.0,,,,40.222,26.797,,2930.258,2957.042,298.0,264.0,233.0,329.0,False,MEDIUM,1.0,True,Haas F1 Team,2853.017,2026-07-04 11:03:56.571,1,15.0,False,,False,False
3053.867,OCO,31,96.983,2.0,1.0,,,30.991,39.582,26.41,2987.947,3027.529,3053.939,297.0,261.0,245.0,315.0,True,MEDIUM,2.0,True,Haas F1 Team,2956.884,2026-07-04 11:05:40.438,12,15.0,False,,False,True
3149.867,OCO,31,96.0,3.0,1.0,,,30.834,38.882,26.284,3084.773,3123.655,3149.939,293.0,261.0,248.0,309.0,True,MEDIUM,3.0,True,Haas F1 Team,3053.867,2026-07-04 11:07:17.421,1,15.0,False,,False,True
3244.881,OCO,31,95.014,4.0,1.0,,,29.776,39.045,26.193,3179.715,3218.76,3244.953,308.0,258.0,249.0,306.0,True,MEDIUM,4.0,True,Haas F1 Team,3149.867,2026-07-04 11:08:53.421,1,15.0,False,,False,True
3339.52,OCO,31,94.639,5.0,1.0,,,29.782,38.58,26.277,3274.735,3313.315,3339.592,311.0,259.0,247.0,303.0,True,MEDIUM,5.0,True,Haas F1 Team,3244.881,2026-07-04 11:10:28.435,1,15.0,False,,False,True
3434.212,OCO,31,94.692,6.0,1.0,,,29.699,38.498,26.495,3369.291,3407.789,3434.284,307.0,258.0,248.0,299.0,False,MEDIUM,6.0,True,Haas F1 Team,3339.52,2026-07-04 11:12:03.074,1,16.0,False,,False,True
3528.654,OCO,31,94.442,7.0,1.0,,,30.052,38.516,25.874,3464.336,3502.852,3528.726,298.0,258.0,250.0,305.0,True,MEDIUM,7.0,True,Haas F1 Team,3434.212,2026-07-04 11:13:37.766,1,16.0,False,,False,True
3623.256,OCO,31,94.602,8.0,1.0,,,30.165,38.359,26.078,3558.891,3597.25,3623.328,294.0,260.0,249.0,306.0,False,MEDIUM,8.0,True,Haas F1 Team,3528.654,2026-07-04 11:15:12.208,1,16.0,False,,False,True
3717.655,OCO,31,94.399,9.0,1.0,,,30.254,38.223,25.922,3653.582,3691.805,3717.727,288.0,258.0,247.0,298.0,True,MEDIUM,9.0,True,Haas F1 Team,3623.256,2026-07-04 11:16:46.810,1,16.0,False,,False,True
3812.833,OCO,31,95.178,10.0,1.0,,,30.403,38.581,26.194,3748.13,3786.711,3812.905,287.0,256.0,248.0,298.0,False,MEDIUM,10.0,True,Haas F1 Team,3717.655,2026-07-04 11:18:21.209,1,16.0,False,,False,True
3907.506,OCO,31,94.673,11.0,1.0,,,30.184,38.365,26.124,3843.089,3881.454,3907.578,291.0,256.0,250.0,298.0,False,MEDIUM,11.0,True,Haas F1 Team,3812.833,2026-07-04 11:19:56.387,1,16.0,False,,False,True
4002.099,OCO,31,94.593,12.0,1.0,,,30.296,38.329,25.968,3937.874,3976.203,4002.171,288.0,258.0,251.0,298.0,False,MEDIUM,12.0,True,Haas F1 Team,3907.506,2026-07-04 11:21:31.060,1,16.0,False,,False,True
4096.802,OCO,31,94.703,13.0,1.0,,,30.278,38.326,26.099,4032.449,4070.775,4096.874,288.0,257.0,251.0,293.0,False,MEDIUM,13.0,True,Haas F1 Team,4002.099,2026-07-04 11:23:05.653,1,16.0,False,,False,True
4191.518,OCO,31,94.716,14.0,1.0,,,30.154,38.397,26.165,4127.028,4165.425,4191.59,288.0,258.0,249.0,295.0,False,MEDIUM,14.0,True,Haas F1 Team,4096.802,2026-07-04 11:24:40.356,1,16.0,False,,False,True
4286.248,OCO,31,94.73,15.0,1.0,,,30.258,38.493,25.979,4221.848,4260.341,4286.32,290.0,258.0,251.0,299.0,False,MEDIUM,15.0,True,Haas F1 Team,4191.518,2026-07-04 11:26:15.072,1,16.0,False,,False,True
4380.738,OCO,31,94.49,16.0,1.0,,,30.143,38.287,26.06,4316.463,4354.75,4380.81,290.0,259.0,250.0,297.0,False,MEDIUM,16.0,True,Haas F1 Team,4286.248,2026-07-04 11:27:49.802,1,16.0,False,,False,True
4475.203,OCO,31,94.465,17.0,1.0,,,30.135,38.145,26.185,4410.945,4449.09,4475.275,288.0,259.0,246.0,297.0,False,MEDIUM,17.0,True,Haas F1 Team,4380.738,2026-07-04 11:29:24.292,1,16.0,False,,False,True
2958.376,SAI,55,,1.0,1.0,,,,40.649,27.826,,2930.711,2958.574,297.0,259.0,229.0,321.0,False,MEDIUM,1.0,True,Williams,2853.017,2026-07-04 11:03:56.571,1,17.0,False,,False,False
3055.152,SAI,55,96.776,2.0,1.0,,,30.585,39.629,26.562,2989.05,3028.679,3055.241,315.0,257.0,243.0,307.0,True,MEDIUM,2.0,True,Williams,2958.376,2026-07-04 11:05:41.930,12,17.0,False,,False,True
3151.013,SAI,55,95.861,3.0,1.0,,,30.047,39.448,26.366,3085.288,3124.736,3151.102,316.0,259.0,245.0,312.0,True,MEDIUM,3.0,True,Williams,3055.152,2026-07-04 11:07:18.706,1,17.0,False,,False,True
3246.351,SAI,55,95.338,4.0,1.0,,,29.909,39.026,26.403,3181.011,3220.037,3246.44,313.0,259.0,245.0,309.0,True,MEDIUM,4.0,True,Williams,3151.013,2026-07-04 11:08:54.567,1,17.0,False,,False,True
3340.922,SAI,55,94.571,5.0,1.0,,,29.781,38.681,26.109,3276.221,3314.902,3341.011,305.0,260.0,248.0,310.0,True,MEDIUM,5.0,True,Williams,3246.351,2026-07-04 11:10:29.905,1,17.0,False,,False,True
3435.443,SAI,55,94.521,6.0,1.0,,,29.748,38.671,26.102,3370.759,3409.43,3435.532,308.0,261.0,248.0,308.0,True,MEDIUM,6.0,True,Williams,3340.922,2026-07-04 11:12:04.476,1,17.0,False,,False,True
3529.849,SAI,55,94.406,7.0,1.0,,,29.705,38.541,26.16,3465.237,3503.778,3529.938,303.0,261.0,251.0,310.0,True,MEDIUM,7.0,True,Williams,3435.443,2026-07-04 11:13:38.997,1,17.0,False,,False,True
3624.638,SAI,55,94.789,8.0,1.0,,,29.804,38.713,26.272,3559.742,3598.455,3624.727,306.0,256.0,251.0,301.0,False,MEDIUM,8.0,True,Williams,3529.849,2026-07-04 11:15:13.403,1,17.0,False,,False,True
3718.89,SAI,55,94.252,9.0,1.0,,,29.795,38.403,26.054,3654.522,3692.925,3718.979,306.0,257.0,249.0,305.0,True,MEDIUM,9.0,True,Williams,3624.638,2026-07-04 11:16:48.192,1,17.0,False,,False,True
3813.646,SAI,55,94.756,10.0,1.0,,,30.183,38.348,26.225,3749.162,3787.51,3813.735,300.0,259.0,247.0,311.0,False,MEDIUM,10.0,True,Williams,3718.89,2026-07-04 11:18:22.444,1,17.0,False,,False,True
3908.398,SAI,55,94.752,11.0,1.0,,,29.678,38.872,26.202,3843.413,3882.285,3908.487,314.0,258.0,248.0,311.0,False,MEDIUM,11.0,True,Williams,3813.646,2026-07-04 11:19:57.200,1,17.0,False,,False,True
4003.036,SAI,55,94.638,12.0,1.0,,,29.886,38.678,26.074,3938.373,3977.051,4003.125,306.0,257.0,251.0,311.0,False,MEDIUM,12.0,True,Williams,3908.398,2026-07-04 11:21:31.952,1,17.0,False,,False,True
4097.497,SAI,55,94.461,13.0,1.0,,,29.657,38.653,26.151,4032.782,4071.435,4097.586,314.0,260.0,248.0,314.0,False,MEDIUM,13.0,True,Williams,4003.036,2026-07-04 11:23:06.590,1,17.0,False,,False,True
4192.312,SAI,55,94.815,14.0,1.0,,,29.826,38.675,26.314,4127.412,4166.087,4192.401,314.0,258.0,243.0,338.0,False,MEDIUM,14.0,True,Williams,4097.497,2026-07-04 11:24:41.051,1,17.0,False,,False,True
4287.312,SAI,55,95.0,15.0,1.0,,,30.289,38.594,26.117,4222.69,4261.284,4287.401,302.0,259.0,252.0,312.0,False,MEDIUM,15.0,True,Williams,4192.312,2026-07-04 11:26:15.866,1,17.0,False,,False,True
4381.586,SAI,55,94.274,16.0,1.0,,,29.74,38.44,26.094,4317.141,4355.581,4381.675,305.0,260.0,249.0,313.0,False,MEDIUM,16.0,True,Williams,4287.312,2026-07-04 11:27:50.866,1,17.0,False,,False,True
4475.772,SAI,55,94.186,17.0,1.0,,,29.455,38.673,26.058,4411.13,4449.803,4475.861,323.0,264.0,234.0,336.0,True,MEDIUM,17.0,True,Williams,4381.586,2026-07-04 11:29:25.140,1,17.0,False,,False,True
2961.384,ALB,23,,1.0,1.0,2867.033,,,38.808,26.524,,2935.039,2961.504,301.0,260.0,248.0,306.0,False,MEDIUM,1.0,True,Williams,2853.017,2026-07-04 11:03:56.571,1,22.0,False,,False,False
3058.776,ALB,23,97.392,2.0,1.0,,,30.059,39.984,27.349,2991.453,3031.437,3058.786,319.0,256.0,243.0,310.0,True,MEDIUM,2.0,True,Williams,2961.384,2026-07-04 11:05:44.938,12,19.0,False,,False,True
3154.098,ALB,23,95.322,3.0,1.0,,,30.033,39.048,26.241,3088.819,3127.867,3154.108,306.0,259.0,248.0,301.0,True,MEDIUM,3.0,True,Williams,3058.776,2026-07-04 11:07:22.330,1,18.0,False,,False,True
3248.674,ALB,23,94.576,4.0,1.0,,,29.922,38.428,26.226,3184.03,3222.458,3248.684,297.0,257.0,251.0,297.0,True,MEDIUM,4.0,True,Williams,3154.098,2026-07-04 11:08:57.652,1,18.0,False,,False,True
3343.102,ALB,23,94.428,5.0,1.0,,,30.001,38.238,26.189,3278.685,3316.923,3343.112,295.0,258.0,248.0,304.0,True,MEDIUM,5.0,True,Williams,3248.674,2026-07-04 11:10:32.228,1,18.0,False,,False,True
3437.758,ALB,23,94.656,6.0,1.0,,,30.069,38.531,26.056,3373.181,3411.712,3437.768,295.0,260.0,248.0,304.0,False,MEDIUM,6.0,True,Williams,3343.102,2026-07-04 11:12:06.656,1,18.0,False,,False,True
3532.131,ALB,23,94.373,7.0,1.0,,,29.909,38.409,26.055,3467.677,3506.086,3532.141,296.0,259.0,251.0,301.0,True,MEDIUM,7.0,True,Williams,3437.758,2026-07-04 11:13:41.312,1,18.0,False,,False,True
3626.558,ALB,23,94.427,8.0,1.0,,,30.065,38.278,26.084,3562.206,3600.484,3626.568,293.0,256.0,251.0,303.0,False,MEDIUM,8.0,True,Williams,3532.131,2026-07-04 11:15:15.685,1,18.0,False,,False,True
3720.858,ALB,23,94.3,9.0,1.0,,,29.944,38.268,26.088,3656.512,3694.78,3720.868,297.0,256.0,250.0,300.0,True,MEDIUM,9.0,True,Williams,3626.558,2026-07-04 11:16:50.112,1,18.0,False,,False,True
3815.462,ALB,23,94.604,10.0,1.0,,,30.079,38.363,26.162,3750.947,3789.31,3815.472,296.0,256.0,250.0,301.0,False,MEDIUM,10.0,True,Williams,3720.858,2026-07-04 11:18:24.412,1,18.0,False,,False,True
3909.839,ALB,23,94.377,11.0,1.0,,,29.975,38.478,25.924,3845.447,3883.925,3909.849,297.0,258.0,250.0,304.0,False,MEDIUM,11.0,True,Williams,3815.462,2026-07-04 11:19:59.016,1,18.0,False,,False,True
4004.246,ALB,23,94.407,12.0,1.0,,,30.05,38.38,25.977,3939.899,3978.279,4004.256,296.0,256.0,250.0,306.0,False,MEDIUM,12.0,True,Williams,3909.839,2026-07-04 11:21:33.393,1,18.0,False,,False,True
4098.554,ALB,23,94.308,13.0,1.0,,,29.943,38.352,26.013,4034.199,4072.551,4098.564,299.0,256.0,249.0,302.0,False,MEDIUM,13.0,True,Williams,4004.246,2026-07-04 11:23:07.800,1,18.0,False,,False,True
4193.263,ALB,23,94.709,14.0,1.0,,,30.073,38.503,26.133,4128.637,4167.14,4193.273,298.0,255.0,248.0,302.0,False,MEDIUM,14.0,True,Williams,4098.554,2026-07-04 11:24:42.108,1,18.0,False,,False,True
4288.053,ALB,23,94.79,15.0,1.0,,,30.116,38.511,26.163,4223.389,4261.9,4288.063,306.0,257.0,247.0,311.0,False,MEDIUM,15.0,True,Williams,4193.263,2026-07-04 11:26:16.817,1,18.0,False,,False,True
4382.161,ALB,23,94.108,16.0,1.0,,,29.742,38.393,25.973,4317.805,4356.198,4382.171,311.0,259.0,247.0,315.0,True,MEDIUM,16.0,True,Williams,4288.053,2026-07-04 11:27:51.607,1,18.0,False,,False,True
4476.15,ALB,23,93.989,17.0,1.0,,,29.988,38.147,25.854,4412.159,4450.306,4476.16,307.0,262.0,240.0,336.0,True,MEDIUM,17.0,True,Williams,4382.161,2026-07-04 11:29:25.715,1,18.0,False,,False,True
2960.039,BOT,77,,1.0,1.0,,,,41.662,27.04,,2933.195,2960.214,279.0,256.0,240.0,311.0,False,SOFT,1.0,True,Cadillac,2853.017,2026-07-04 11:03:56.571,1,21.0,False,,False,False
3058.2,BOT,77,98.161,2.0,1.0,,,30.921,40.091,27.149,2991.015,3031.106,3058.255,295.0,256.0,242.0,306.0,True,SOFT,2.0,True,Cadillac,2960.039,2026-07-04 11:05:43.593,12,18.0,False,,False,True
3155.816,BOT,77,97.616,3.0,1.0,,,30.554,40.121,26.941,3088.809,3128.93,3155.871,289.0,256.0,242.0,300.0,True,SOFT,3.0,True,Cadillac,3058.2,2026-07-04 11:07:21.754,1,19.0,False,,False,True
3252.765,BOT,77,96.949,4.0,1.0,,,30.626,39.412,26.911,3186.497,3225.909,3252.82,291.0,255.0,244.0,293.0,True,SOFT,4.0,True,Cadillac,3155.816,2026-07-04 11:08:59.370,1,19.0,False,,False,True
3348.535,BOT,77,95.77,5.0,1.0,,,30.409,39.094,26.267,3283.229,3322.323,3348.59,287.0,255.0,242.0,298.0,True,SOFT,5.0,True,Cadillac,3252.765,2026-07-04 11:10:36.319,1,19.0,False,,False,True
3444.212,BOT,77,95.677,6.0,1.0,,,30.46,39.0,26.217,3379.05,3418.05,3444.267,286.0,256.0,247.0,296.0,True,SOFT,6.0,True,Cadillac,3348.535,2026-07-04 11:12:12.089,1,19.0,False,,False,True
3539.805,BOT,77,95.593,7.0,1.0,,,30.369,39.04,26.184,3474.636,3513.676,3539.86,285.0,256.0,250.0,296.0,True,SOFT,7.0,True,Cadillac,3444.212,2026-07-04 11:13:47.766,1,19.0,False,,False,True
3635.309,BOT,77,95.504,8.0,1.0,,,30.416,39.002,26.086,3570.276,3609.278,3635.364,284.0,256.0,250.0,299.0,True,SOFT,8.0,True,Cadillac,3539.805,2026-07-04 11:15:23.359,1,19.0,False,,False,True
3730.956,BOT,77,95.647,9.0,1.0,,,30.446,38.903,26.298,3665.81,3704.713,3731.011,283.0,255.0,248.0,295.0,False,SOFT,9.0,True,Cadillac,3635.309,2026-07-04 11:16:58.863,1,19.0,False,,False,True
3826.995,BOT,77,96.039,10.0,1.0,,,30.501,39.107,26.431,3761.512,3800.619,3827.05,282.0,254.0,245.0,294.0,False,SOFT,10.0,True,Cadillac,3730.956,2026-07-04 11:18:34.510,1,19.0,False,,False,True
3923.698,BOT,77,96.703,11.0,1.0,,,30.722,39.203,26.778,3857.772,3896.975,3923.753,282.0,254.0,246.0,293.0,False,SOFT,11.0,True,Cadillac,3826.995,2026-07-04 11:20:10.549,1,19.0,False,,False,True
4020.035,BOT,77,96.337,12.0,1.0,,,30.683,39.333,26.321,3954.436,3993.769,4020.09,280.0,254.0,246.0,297.0,False,SOFT,12.0,True,Cadillac,3923.698,2026-07-04 11:21:47.252,1,19.0,False,,False,True
4116.31,BOT,77,96.275,13.0,1.0,,,30.709,39.222,26.344,4050.799,4090.021,4116.365,280.0,255.0,245.0,295.0,False,SOFT,13.0,True,Cadillac,4020.035,2026-07-04 11:23:23.589,1,19.0,False,,False,True
4212.53,BOT,77,96.22,14.0,1.0,,,30.731,39.209,26.28,4147.096,4186.305,4212.585,282.0,254.0,247.0,298.0,False,SOFT,14.0,True,Cadillac,4116.31,2026-07-04 11:24:59.864,1,19.0,False,,False,True
4308.983,BOT,77,96.453,15.0,1.0,,,30.77,39.275,26.408,4243.355,4282.63,4309.038,282.0,252.0,247.0,293.0,False,SOFT,15.0,True,Cadillac,4212.53,2026-07-04 11:26:36.084,1,19.0,False,,False,True
4405.139,BOT,77,96.156,16.0,1.0,,,30.462,39.095,26.599,4339.5,4378.595,4405.194,287.0,256.0,245.0,293.0,False,SOFT,16.0,True,Cadillac,4308.983,2026-07-04 11:28:12.537,1,19.0,False,,False,True
4500.51,BOT,77,95.371,17.0,1.0,,,30.296,38.998,26.077,4435.49,4474.488,4500.565,292.0,259.0,238.0,308.0,True,SOFT,17.0,True,Cadillac,4405.139,2026-07-04 11:29:48.693,1,19.0,False,,False,True
2958.594,ALO,14,,1.0,1.0,,,,40.669,27.325,,2931.524,2958.746,317.0,256.0,222.0,316.0,False,SOFT,1.0,True,Aston Martin,2853.017,2026-07-04 11:03:56.571,1,18.0,False,,False,False
3061.743,ALO,14,103.149,2.0,1.0,,,37.083,39.647,26.419,2995.677,3035.324,3061.743,293.0,253.0,241.0,302.0,False,SOFT,2.0,True,Aston Martin,2958.594,2026-07-04 11:05:42.148,12,22.0,True,TRACK LIMITS AT TURN 3 LAP 2 ,False,True
3158.639,ALO,14,96.896,3.0,1.0,,,30.937,39.494,26.465,3092.68,3132.174,3158.639,283.0,254.0,238.0,298.0,True,SOFT,3.0,True,Aston Martin,3061.743,2026-07-04 11:07:25.297,1,21.0,False,,False,True
3255.477,ALO,14,96.838,4.0,1.0,,,30.932,39.487,26.419,3189.571,3229.058,3255.477,285.0,255.0,243.0,302.0,True,SOFT,4.0,True,Aston Martin,3158.639,2026-07-04 11:09:02.193,1,21.0,False,,False,True
3352.034,ALO,14,96.557,5.0,1.0,,,30.778,39.362,26.417,3286.255,3325.617,3352.034,284.0,258.0,243.0,305.0,True,SOFT,5.0,True,Aston Martin,3255.477,2026-07-04 11:10:39.031,1,21.0,False,,False,True
3448.722,ALO,14,96.688,6.0,1.0,,,30.68,39.63,26.378,3382.714,3422.344,3448.722,288.0,256.0,240.0,315.0,False,SOFT,6.0,True,Aston Martin,3352.034,2026-07-04 11:12:15.588,1,21.0,False,,False,True
3545.572,ALO,14,96.85,7.0,1.0,,,30.776,39.742,26.332,3479.498,3519.24,3545.572,288.0,257.0,245.0,325.0,False,SOFT,7.0,True,Aston Martin,3448.722,2026-07-04 11:13:52.276,1,21.0,False,,False,True
3641.873,ALO,14,96.301,8.0,1.0,,,30.516,39.868,25.917,3576.088,3615.956,3641.873,294.0,257.0,240.0,332.0,True,SOFT,8.0,True,Aston Martin,3545.572,2026-07-04 11:15:29.126,1,20.0,False,,False,True
3739.079,ALO,14,97.206,9.0,1.0,,,31.141,39.625,26.44,3673.014,3712.639,3739.079,275.0,248.0,243.0,294.0,False,SOFT,9.0,True,Aston Martin,3641.873,2026-07-04 11:17:05.427,1,20.0,False,,False,True
3836.183,ALO,14,97.104,10.0,1.0,,,31.057,39.621,26.426,3770.136,3809.757,3836.183,275.0,253.0,242.0,294.0,False,SOFT,10.0,True,Aston Martin,3739.079,2026-07-04 11:18:42.633,1,20.0,False,,False,True
3933.548,ALO,14,97.365,11.0,1.0,,,31.182,39.735,26.448,3867.365,3907.1,3933.548,275.0,253.0,243.0,294.0,False,SOFT,11.0,True,Aston Martin,3836.183,2026-07-04 11:20:19.737,1,20.0,False,,False,True
4030.918,ALO,14,97.37,12.0,1.0,,,31.227,39.765,26.378,3964.775,4004.54,4030.918,272.0,250.0,243.0,295.0,False,SOFT,12.0,True,Aston Martin,3933.548,2026-07-04 11:21:57.102,1,20.0,False,,False,True
4127.917,ALO,14,96.999,13.0,1.0,,,31.017,39.585,26.397,4061.935,4101.52,4127.917,276.0,254.0,246.0,295.0,False,SOFT,13.0,True,Aston Martin,4030.918,2026-07-04 11:23:34.472,1,20.0,False,,False,True
4224.905,ALO,14,96.988,14.0,1.0,,,30.903,39.708,26.377,4158.82,4198.528,4224.905,275.0,251.0,240.0,297.0,False,SOFT,14.0,True,Aston Martin,4127.917,2026-07-04 11:25:11.471,1,20.0,False,,False,True
4322.184,ALO,14,97.279,15.0,1.0,,,31.169,39.686,26.424,4256.074,4295.76,4322.184,278.0,252.0,243.0,296.0,False,SOFT,15.0,True,Aston Martin,4224.905,2026-07-04 11:26:48.459,1,20.0,False,,False,True
4419.246,ALO,14,97.062,16.0,1.0,,,31.042,39.636,26.384,4353.226,4392.862,4419.246,279.0,253.0,245.0,295.0,False,SOFT,16.0,True,Aston Martin,4322.184,2026-07-04 11:28:25.738,1,20.0,False,,False,True
4517.265,ALO,14,98.019,17.0,1.0,,,31.046,39.934,27.039,4450.292,4490.226,4517.265,277.0,252.0,236.0,273.0,False,SOFT,17.0,True,Aston Martin,4419.246,2026-07-04 11:30:02.800,1,20.0,False,,False,True
2959.491,STR,18,,1.0,1.0,,,,41.112,27.421,,2932.336,2959.636,295.0,252.0,245.0,306.0,False,SOFT,1.0,True,Aston Martin,2853.017,2026-07-04 11:03:56.571,1,20.0,False,,False,False
3059.326,STR,18,99.835,2.0,1.0,,,30.946,41.851,27.038,2990.526,3032.377,3059.415,277.0,250.0,239.0,313.0,True,SOFT,2.0,True,Aston Martin,2959.491,2026-07-04 11:05:43.045,12,20.0,False,,False,True
3157.02,STR,18,97.694,3.0,1.0,,,30.978,40.057,26.659,3090.393,3130.45,3157.109,288.0,253.0,240.0,304.0,True,SOFT,3.0,True,Aston Martin,3059.326,2026-07-04 11:07:22.880,1,20.0,False,,False,True
3254.111,STR,18,97.091,4.0,1.0,,,31.075,39.655,26.361,3188.184,3227.839,3254.2,284.0,254.0,241.0,298.0,True,SOFT,4.0,True,Aston Martin,3157.02,2026-07-04 11:09:00.574,1,20.0,False,,False,True
3351.076,STR,18,96.965,5.0,1.0,,,31.117,39.636,26.212,3285.317,3324.953,3351.165,276.0,254.0,240.0,297.0,True,SOFT,5.0,True,Aston Martin,3254.111,2026-07-04 11:10:37.665,1,20.0,False,,False,True
3448.005,STR,18,96.929,6.0,1.0,,,31.029,39.663,26.237,3382.194,3421.857,3448.094,274.0,252.0,244.0,298.0,True,SOFT,6.0,True,Aston Martin,3351.076,2026-07-04 11:12:14.630,1,20.0,False,,False,True
3544.781,STR,18,96.776,7.0,1.0,,,30.886,39.763,26.127,3478.98,3518.743,3544.87,286.0,254.0,243.0,293.0,True,SOFT,7.0,True,Aston Martin,3448.005,2026-07-04 11:13:51.559,1,20.0,False,,False,True
3642.429,STR,18,97.648,8.0,1.0,,,31.003,39.782,26.863,3575.873,3615.655,3642.518,274.0,251.0,242.0,300.0,False,SOFT,8.0,True,Aston Martin,3544.781,2026-07-04 11:15:28.335,1,21.0,False,,False,True
3739.833,STR,18,97.404,9.0,1.0,,,30.864,40.017,26.523,3673.382,3713.399,3739.922,280.0,253.0,241.0,304.0,False,SOFT,9.0,True,Aston Martin,3642.429,2026-07-04 11:17:05.983,1,21.0,False,,False,True
3837.451,STR,18,97.618,10.0,1.0,,,30.962,40.047,26.609,3770.884,3810.931,3837.54,286.0,244.0,240.0,306.0,False,SOFT,10.0,True,Aston Martin,3739.833,2026-07-04 11:18:43.387,1,21.0,True,TRACK LIMITS AT TURN 13 LAP 10 ,False,True
3934.991,STR,18,97.54,11.0,1.0,,,30.974,40.05,26.516,3868.514,3908.564,3935.08,283.0,252.0,241.0,299.0,False,SOFT,11.0,True,Aston Martin,3837.451,2026-07-04 11:20:21.005,1,21.0,False,,False,True
4032.54,STR,18,97.549,12.0,1.0,,,30.998,40.049,26.502,3966.078,4006.127,4032.629,280.0,250.0,240.0,298.0,False,SOFT,12.0,True,Aston Martin,3934.991,2026-07-04 11:21:58.545,1,21.0,False,,False,True
4131.35,STR,18,98.81,13.0,1.0,,,31.237,40.587,26.986,4063.866,4104.453,4131.439,277.0,247.0,240.0,295.0,False,SOFT,13.0,True,Aston Martin,4032.54,2026-07-04 11:23:36.094,1,21.0,True,TRACK LIMITS AT TURN 9 LAP 13 ,False,True
4229.862,STR,18,98.512,14.0,1.0,,4223.963,31.276,40.953,26.283,4162.715,4203.668,4229.951,277.0,242.0,,300.0,False,SOFT,14.0,True,Aston Martin,4131.35,2026-07-04 11:25:14.904,1,21.0,False,,False,False
4352.642,STR,18,122.78,15.0,2.0,4255.103,,55.241,41.135,26.404,4285.192,4326.327,4352.731,276.0,257.0,244.0,307.0,False,MEDIUM,6.0,False,Aston Martin,4229.862,2026-07-04 11:26:53.416,1,21.0,False,,False,False
4447.67,STR,18,95.028,16.0,2.0,,,30.235,38.826,25.967,4382.966,4421.792,4447.759,289.0,257.0,242.0,320.0,True,MEDIUM,7.0,False,Aston Martin,4352.642,2026-07-04 11:28:56.196,1,21.0,False,,False,True
2958.896,PER,11,,1.0,1.0,,,,41.261,26.582,,2932.477,2959.011,292.0,262.0,245.0,320.0,False,MEDIUM,1.0,True,Cadillac,2853.017,2026-07-04 11:03:56.571,1,19.0,False,,False,False
3060.319,PER,11,101.423,2.0,1.0,,3054.083,31.418,40.159,29.846,2990.378,3030.537,3060.383,309.0,253.0,,303.0,False,MEDIUM,2.0,True,Cadillac,2958.896,2026-07-04 11:05:42.450,12,21.0,False,,False,False
3198.208,PER,11,137.889,3.0,2.0,3102.733,,71.73,39.516,26.643,3132.113,3171.629,3198.272,283.0,253.0,251.0,291.0,False,MEDIUM,3.0,False,Cadillac,3060.319,2026-07-04 11:07:23.873,1,22.0,False,,False,False
3293.655,PER,11,95.447,4.0,2.0,,,30.156,38.881,26.41,3228.428,3267.309,3293.719,283.0,254.0,250.0,291.0,True,MEDIUM,4.0,False,Cadillac,3198.208,2026-07-04 11:09:41.762,1,22.0,False,,False,True
3389.066,PER,11,95.411,5.0,2.0,,,30.322,38.646,26.443,3324.041,3362.687,3389.13,283.0,255.0,248.0,290.0,True,MEDIUM,5.0,False,Cadillac,3293.655,2026-07-04 11:11:17.209,1,22.0,False,,False,True
3484.862,PER,11,95.796,6.0,2.0,,,30.502,38.829,26.465,3419.632,3458.461,3484.926,282.0,251.0,248.0,289.0,False,MEDIUM,6.0,False,Cadillac,3389.066,2026-07-04 11:12:52.620,1,22.0,False,,False,True
3580.09,PER,11,95.228,7.0,2.0,,,30.443,38.636,26.149,3515.369,3554.005,3580.154,284.0,255.0,249.0,297.0,True,MEDIUM,7.0,False,Cadillac,3484.862,2026-07-04 11:14:28.416,1,22.0,False,,False,True
3675.143,PER,11,95.053,8.0,2.0,,,30.29,38.517,26.246,3610.444,3648.961,3675.207,281.0,253.0,248.0,295.0,True,MEDIUM,8.0,False,Cadillac,3580.09,2026-07-04 11:16:03.644,1,22.0,False,,False,True
3770.987,PER,11,95.844,9.0,2.0,,,30.434,38.922,26.488,3705.641,3744.563,3771.051,280.0,248.0,249.0,296.0,False,MEDIUM,9.0,False,Cadillac,3675.143,2026-07-04 11:17:38.697,1,22.0,False,,False,True
3866.405,PER,11,95.418,10.0,2.0,,,30.434,38.694,26.29,,3840.179,3866.469,281.0,254.0,249.0,295.0,False,MEDIUM,10.0,False,Cadillac,3770.987,2026-07-04 11:19:14.541,1,22.0,False,,False,True
3961.849,PER,11,95.444,11.0,2.0,,,30.635,38.629,26.18,3897.104,3935.733,3961.913,281.0,254.0,249.0,294.0,False,MEDIUM,11.0,False,Cadillac,3866.405,2026-07-04 11:20:49.959,1,22.0,False,,False,True
4060.535,PER,11,98.686,12.0,2.0,,,30.486,38.786,29.414,3992.399,4031.185,4060.599,282.0,249.0,248.0,209.0,False,MEDIUM,12.0,False,Cadillac,3961.849,2026-07-04 11:22:25.403,1,22.0,False,,False,True
4155.892,PER,11,95.357,13.0,2.0,,,30.378,38.879,26.1,4090.977,4129.856,4155.956,286.0,255.0,251.0,298.0,False,MEDIUM,13.0,False,Cadillac,4060.535,2026-07-04 11:24:04.089,1,22.0,False,,False,True
4259.139,PER,11,103.247,14.0,2.0,,,30.283,43.492,29.472,4186.239,4229.731,4259.203,285.0,252.0,243.0,224.0,False,MEDIUM,14.0,False,Cadillac,4155.892,2026-07-04 11:25:39.446,1,22.0,False,,False,True
4354.431,PER,11,95.292,15.0,2.0,,,30.419,38.746,26.127,4289.622,4328.368,4354.495,289.0,254.0,249.0,305.0,False,MEDIUM,15.0,False,Cadillac,4259.139,2026-07-04 11:27:22.693,1,22.0,False,,False,True
4448.959,PER,11,94.528,16.0,2.0,,,29.995,38.454,26.079,4384.49,4422.944,4449.023,291.0,257.0,243.0,301.0,True,MEDIUM,16.0,False,Cadillac,4354.431,2026-07-04 11:28:57.985,1,22.0,False,,False,True
