Time,Driver,DriverNumber,LapTime,LapNumber,Stint,PitOutTime,PitInTime,Sector1Time,Sector2Time,Sector3Time,Sector1SessionTime,Sector2SessionTime,Sector3SessionTime,SpeedI1,SpeedI2,SpeedFL,SpeedST,IsPersonalBest,Compound,TyreLife,FreshTyre,Team,LapStartTime,LapStartDate,TrackStatus,Position,Deleted,DeletedReason,FastF1Generated,IsAccurate
1202.812,VER,1,,1.0,1.0,1098.9,,,44.953,33.258,,1169.656,1202.883,242.0,182.0,288.0,235.0,False,MEDIUM,1.0,True,Red Bull Racing,1098.9,2024-06-22 10:34:37.315,1,,False,,False,False
1277.049,VER,1,74.237,2.0,1.0,,,22.082,29.742,22.413,1224.894,1254.636,1277.049,287.0,307.0,289.0,317.0,True,MEDIUM,2.0,True,Red Bull Racing,1202.812,2024-06-22 10:36:21.227,1,,False,,False,True
1411.465,VER,1,134.416,3.0,1.0,,,39.712,54.28,40.424,1316.761,1371.041,1411.465,128.0,148.0,138.0,169.0,False,MEDIUM,3.0,True,Red Bull Racing,1277.049,2024-06-22 10:37:35.464,1,,False,,False,True
1535.35,VER,1,123.885,4.0,1.0,,,44.107,51.216,28.562,1455.572,1506.788,1535.35,150.0,232.0,289.0,152.0,False,MEDIUM,4.0,True,Red Bull Racing,1411.465,2024-06-22 10:39:49.880,1,,False,,False,True
1609.692,VER,1,74.342,5.0,1.0,,,22.081,29.765,22.496,1557.431,1587.196,1609.692,287.0,308.0,291.0,322.0,False,MEDIUM,5.0,True,Red Bull Racing,1535.35,2024-06-22 10:41:53.765,1,,False,,False,True
1698.836,VER,1,89.144,6.0,1.0,,1696.057,26.514,33.975,28.655,1636.206,1670.181,1698.836,227.0,226.0,,256.0,False,MEDIUM,6.0,True,Red Bull Racing,1609.692,2024-06-22 10:43:08.107,1,,False,,False,False
2300.029,VER,1,,7.0,2.0,2200.413,,,32.479,29.669,,2270.497,2300.059,253.0,255.0,274.0,234.0,False,MEDIUM,7.0,False,Red Bull Racing,1698.836,2024-06-22 10:44:37.251,1,,False,,False,False
2380.748,VER,1,80.719,8.0,2.0,,,24.064,32.423,24.232,2324.093,2356.516,2380.748,257.0,257.0,274.0,302.0,False,MEDIUM,8.0,False,Red Bull Racing,2300.029,2024-06-22 10:54:38.444,1,,False,,False,True
2461.286,VER,1,80.538,9.0,2.0,,,24.059,32.296,24.183,2404.807,2437.103,2461.286,258.0,257.0,273.0,,False,MEDIUM,9.0,False,Red Bull Racing,2380.748,2024-06-22 10:55:59.163,1,,False,,False,True
2542.098,VER,1,80.812,10.0,2.0,,,24.168,32.272,24.372,2485.454,2517.726,2542.098,259.0,260.0,275.0,300.0,False,MEDIUM,10.0,False,Red Bull Racing,2461.286,2024-06-22 10:57:19.701,1,,False,,False,True
2622.697,VER,1,80.599,11.0,2.0,,,24.097,32.455,24.047,2566.195,2598.65,2622.697,261.0,260.0,276.0,307.0,False,MEDIUM,11.0,False,Red Bull Racing,2542.098,2024-06-22 10:58:40.513,1,,False,,False,True
2703.069,VER,1,80.372,12.0,2.0,,,24.025,32.439,23.908,2646.722,2679.161,2703.069,,263.0,277.0,303.0,False,MEDIUM,12.0,False,Red Bull Racing,2622.697,2024-06-22 11:00:01.112,1,,False,,False,True
2783.343,VER,1,80.274,13.0,2.0,,,23.96,32.369,23.945,2727.029,2759.398,2783.343,263.0,261.0,277.0,302.0,False,MEDIUM,13.0,False,Red Bull Racing,2703.069,2024-06-22 11:01:21.484,1,,False,,False,True
2863.568,VER,1,80.225,14.0,2.0,,,24.015,32.163,24.047,2807.358,2839.521,2863.568,262.0,265.0,278.0,300.0,False,MEDIUM,14.0,False,Red Bull Racing,2783.343,2024-06-22 11:02:41.758,1,,False,,False,True
2943.742,VER,1,80.174,15.0,2.0,,,23.878,32.127,24.169,2887.446,2919.573,2943.742,267.0,268.0,276.0,303.0,False,MEDIUM,15.0,False,Red Bull Racing,2863.568,2024-06-22 11:04:01.983,1,,False,,False,True
3023.749,VER,1,80.007,16.0,2.0,,,23.688,32.262,24.057,2967.43,2999.692,3023.749,270.0,269.0,277.0,301.0,False,MEDIUM,16.0,False,Red Bull Racing,2943.742,2024-06-22 11:05:22.157,1,,False,,False,True
3110.989,VER,1,87.24,17.0,2.0,,3108.266,24.278,33.761,29.201,3048.027,3081.788,3110.989,255.0,237.0,,293.0,False,MEDIUM,17.0,False,Red Bull Racing,3023.749,2024-06-22 11:06:42.164,1,,False,,False,False
3914.036,VER,1,,18.0,3.0,3806.305,,,46.229,27.135,,3887.047,3914.175,148.0,234.0,290.0,211.0,False,SOFT,1.0,True,Red Bull Racing,3110.989,2024-06-22 11:08:09.404,1,,False,,False,False
3987.123,VER,1,73.087,19.0,3.0,,,21.772,29.287,22.028,3935.808,3965.095,3987.123,291.0,310.0,292.0,320.0,True,SOFT,2.0,True,Red Bull Racing,3914.036,2024-06-22 11:21:32.451,1,,False,,False,True
4085.373,VER,1,98.25,20.0,3.0,,4082.655,30.365,36.97,30.915,4017.488,4054.458,4085.373,198.0,202.0,,208.0,False,SOFT,3.0,True,Red Bull Racing,3987.123,2024-06-22 11:22:45.538,1,,False,,False,False
4378.075,VER,1,,21.0,4.0,4247.435,,,57.657,33.71,,4344.521,4378.225,128.0,200.0,291.0,136.0,False,SOFT,4.0,False,Red Bull Racing,4085.373,2024-06-22 11:24:23.788,1,,False,,False,False
4480.256,VER,1,102.181,22.0,4.0,,,21.848,42.396,37.937,4399.923,4442.319,4480.256,290.0,175.0,219.0,322.0,False,SOFT,5.0,False,Red Bull Racing,4378.075,2024-06-22 11:29:16.490,1,,False,,False,True
4615.04,VER,1,134.784,23.0,4.0,,,36.881,48.236,49.667,4517.137,4565.373,4615.04,149.0,139.0,86.0,162.0,False,SOFT,6.0,False,Red Bull Racing,4480.256,2024-06-22 11:30:58.671,1,,False,,False,True
4726.23,VER,1,111.19,24.0,4.0,,4723.448,50.564,31.531,29.095,4665.604,4697.135,4726.23,250.0,254.0,,287.0,False,SOFT,7.0,False,Red Bull Racing,4615.04,2024-06-22 11:33:13.455,1,,False,,False,False
2221.862,SAR,2,,1.0,1.0,2102.945,,,42.374,41.411,,2180.754,2221.969,220.0,184.0,281.0,196.0,False,SOFT,1.0,True,Williams,2102.945,2024-06-22 10:51:21.360,1,,False,,False,False
2296.948,SAR,2,75.086,2.0,1.0,,,22.334,30.156,22.596,2244.196,2274.352,2296.948,282.0,302.0,284.0,320.0,True,SOFT,2.0,True,Williams,2221.862,2024-06-22 10:53:20.277,1,,False,,False,True
2427.237,SAR,2,130.289,3.0,1.0,,2424.547,39.555,49.998,40.736,2336.503,2386.501,2427.237,101.0,157.0,,131.0,False,SOFT,3.0,True,Williams,2296.948,2024-06-22 10:54:35.363,1,,False,,False,False
3243.022,SAR,2,,4.0,2.0,3131.809,,,44.419,28.114,,3215.09,3243.088,103.0,242.0,283.0,184.0,False,SOFT,1.0,True,Williams,2427.237,2024-06-22 10:56:45.652,1,,False,,False,False
3317.751,SAR,2,74.729,5.0,2.0,,,22.194,29.974,22.561,3265.216,3295.19,3317.751,285.0,304.0,283.0,317.0,True,SOFT,2.0,True,Williams,3243.022,2024-06-22 11:10:21.437,1,,False,,False,True
3451.494,SAR,2,133.743,6.0,2.0,,3448.731,36.577,54.086,43.08,3354.328,3408.414,3451.494,134.0,145.0,,288.0,False,SOFT,3.0,True,Williams,3317.751,2024-06-22 11:11:36.166,1,,False,,False,False
3598.274,SAR,2,146.78,7.0,3.0,3465.409,,54.845,55.429,36.506,3506.339,3561.768,3598.274,131.0,208.0,281.0,97.0,False,SOFT,4.0,False,Williams,3451.494,2024-06-22 11:13:49.909,1,,False,,False,False
3673.553,SAR,2,75.279,8.0,3.0,,,22.346,30.032,22.901,3620.62,3650.652,3673.553,284.0,302.0,281.0,316.0,False,SOFT,5.0,False,Williams,3598.274,2024-06-22 11:16:16.689,1,,False,,False,True
3776.186,SAR,2,102.633,9.0,3.0,,3773.353,29.922,39.151,33.56,3703.475,3742.626,3776.186,184.0,239.0,,282.0,False,SOFT,6.0,False,Williams,3673.553,2024-06-22 11:17:31.968,1,,False,,False,False
4488.885,SAR,2,,10.0,4.0,4354.938,,,41.207,35.278,,4453.69,4488.885,94.0,204.0,258.0,232.0,False,SOFT,4.0,False,Williams,3776.186,2024-06-22 11:19:14.601,1,,False,,False,False
4598.866,SAR,2,109.981,11.0,4.0,,,31.671,37.748,40.562,4520.556,4558.304,4598.866,190.0,208.0,70.0,261.0,False,SOFT,5.0,False,Williams,4488.885,2024-06-22 11:31:07.300,1,,False,,False,True
4712.057,SAR,2,113.191,12.0,4.0,,4709.205,42.906,36.604,33.681,4641.772,4678.376,4712.057,237.0,219.0,,269.0,False,SOFT,6.0,False,Williams,4598.866,2024-06-22 11:32:57.281,1,,False,,False,False
1777.259,RIC,3,,1.0,1.0,1676.646,,,39.186,27.118,,1750.39,1777.376,211.0,252.0,281.0,135.0,False,MEDIUM,1.0,True,RB,1676.646,2024-06-22 10:44:15.061,1,,False,,False,False
1852.437,RIC,3,75.178,2.0,1.0,,,22.337,30.083,22.758,1799.596,1829.679,1852.437,282.0,299.0,280.0,315.0,True,MEDIUM,2.0,True,RB,1777.259,2024-06-22 10:45:55.674,1,,False,,False,True
1973.39,RIC,3,120.953,3.0,1.0,,,34.411,50.849,35.693,1886.848,1937.697,1973.39,156.0,103.0,184.0,242.0,False,MEDIUM,3.0,True,RB,1852.437,2024-06-22 10:47:10.852,1,,False,,False,True
2089.399,RIC,3,116.009,4.0,1.0,,,38.299,49.594,28.116,2011.689,2061.283,2089.399,225.0,102.0,283.0,190.0,False,MEDIUM,4.0,True,RB,1973.39,2024-06-22 10:49:11.805,1,,False,,False,True
2172.8,RIC,3,83.401,5.0,1.0,,,22.482,31.01,29.909,2111.881,2142.891,2172.8,281.0,229.0,263.0,317.0,False,MEDIUM,5.0,True,RB,2089.399,2024-06-22 10:51:07.814,1,,False,,False,True
2251.489,RIC,3,78.689,6.0,1.0,,,23.67,31.45,23.569,2196.47,2227.92,2251.489,271.0,270.0,274.0,294.0,False,MEDIUM,6.0,True,RB,2172.8,2024-06-22 10:52:31.215,1,,False,,False,True
2329.867,RIC,3,78.378,7.0,1.0,,,23.609,31.245,23.524,2275.098,2306.343,2329.867,274.0,274.0,276.0,296.0,False,MEDIUM,7.0,True,RB,2251.489,2024-06-22 10:53:49.904,1,,False,,False,True
2408.256,RIC,3,78.389,8.0,1.0,,,23.426,31.372,23.591,2353.293,2384.665,2408.256,,276.0,278.0,302.0,False,MEDIUM,8.0,True,RB,2329.867,2024-06-22 10:55:08.282,1,,False,,False,True
2486.416,RIC,3,78.16,9.0,1.0,,,23.427,31.352,23.381,2431.683,2463.035,2486.416,272.0,278.0,277.0,300.0,False,MEDIUM,9.0,True,RB,2408.256,2024-06-22 10:56:26.671,1,,False,,False,True
2568.187,RIC,3,81.771,10.0,1.0,,2565.459,23.579,31.15,27.042,2509.995,2541.145,2568.187,273.0,279.0,,299.0,False,MEDIUM,10.0,True,RB,2486.416,2024-06-22 10:57:44.831,1,,False,,False,False
2678.063,RIC,3,109.876,11.0,2.0,2582.334,2675.301,50.555,32.058,27.263,2618.742,2650.8,2678.063,245.0,283.0,,238.0,False,MEDIUM,11.0,False,RB,2568.187,2024-06-22 10:59:06.602,1,,False,,False,False
3803.636,RIC,3,,12.0,3.0,3698.501,,,41.663,26.384,,3777.409,3803.747,221.0,264.0,283.0,125.0,False,SOFT,1.0,True,RB,2678.063,2024-06-22 11:00:56.478,1,,False,,False,False
3877.797,RIC,3,74.161,13.0,3.0,,,22.266,29.628,22.267,3825.902,3855.53,3877.797,285.0,302.0,283.0,313.0,True,SOFT,2.0,True,RB,3803.636,2024-06-22 11:19:42.051,1,,False,,False,True
3984.504,RIC,3,106.707,14.0,3.0,,3981.738,33.975,39.65,33.082,3911.772,3951.422,3984.504,54.0,240.0,,172.0,False,SOFT,3.0,True,RB,3877.797,2024-06-22 11:20:56.212,1,,False,,False,False
4426.805,RIC,3,,15.0,4.0,4313.739,,,33.063,55.558,,4371.417,4426.805,270.0,214.0,169.0,229.0,False,SOFT,4.0,False,RB,3984.504,2024-06-22 11:22:42.919,1,,False,,False,False
4525.208,RIC,3,98.403,16.0,4.0,,,27.429,34.095,36.879,4454.234,4488.329,4525.208,247.0,245.0,86.0,262.0,False,SOFT,5.0,False,RB,4426.805,2024-06-22 11:30:05.220,1,,False,,False,True
4637.118,RIC,3,111.91,17.0,4.0,,4634.312,46.829,35.17,29.911,4572.037,4607.207,4637.118,262.0,241.0,,269.0,False,SOFT,6.0,False,RB,4525.208,2024-06-22 11:31:43.623,1,,False,,False,False
1853.503,NOR,4,,1.0,1.0,1739.795,,,39.553,28.524,,1825.126,1853.522,197.0,198.0,288.0,238.0,False,MEDIUM,1.0,True,McLaren,1739.795,2024-06-22 10:45:18.210,1,,False,,False,False
1927.038,NOR,4,73.535,2.0,1.0,,,21.851,29.503,22.181,1875.354,1904.857,1927.038,282.0,299.0,288.0,319.0,True,MEDIUM,2.0,True,McLaren,1853.503,2024-06-22 10:47:11.918,1,,False,,False,True
2044.993,NOR,4,117.955,3.0,1.0,,,33.481,49.595,34.879,1960.519,2010.114,2044.993,138.0,91.0,190.0,237.0,False,MEDIUM,3.0,True,McLaren,1927.038,2024-06-22 10:48:25.453,1,,False,,False,True
2160.192,NOR,4,115.199,4.0,1.0,,,36.753,50.288,28.158,2081.746,2132.034,2160.192,110.0,160.0,283.0,233.0,False,MEDIUM,4.0,True,McLaren,2044.993,2024-06-22 10:50:23.408,1,,False,,False,True
2235.145,NOR,4,74.953,5.0,1.0,,,22.323,30.004,22.626,2182.515,2212.519,2235.145,278.0,291.0,283.0,315.0,False,MEDIUM,5.0,True,McLaren,2160.192,2024-06-22 10:52:18.607,1,,False,,False,True
2332.37,NOR,4,97.225,6.0,1.0,,2329.568,27.941,38.756,30.528,2263.086,2301.842,2332.37,193.0,199.0,,296.0,False,MEDIUM,6.0,True,McLaren,2235.145,2024-06-22 10:53:33.560,1,,False,,False,False
3157.408,NOR,4,,7.0,2.0,3040.859,,,38.982,25.489,,3131.919,3157.448,161.0,206.0,288.0,74.0,False,SOFT,1.0,True,McLaren,2332.37,2024-06-22 10:55:10.785,1,,False,,False,False
3261.869,NOR,4,104.461,8.0,2.0,,3258.033,21.774,39.158,43.529,3179.182,3218.34,3261.869,285.0,129.0,,319.0,False,SOFT,2.0,True,McLaren,3157.408,2024-06-22 11:08:55.823,1,,False,,False,False
3416.712,NOR,4,,9.0,3.0,3287.44,,74.933,52.021,27.965,3336.823,3388.847,3416.791,134.0,148.0,289.0,109.0,False,SOFT,3.0,False,McLaren,3261.869,2024-06-22 11:10:40.284,1,,False,,False,False
3489.755,NOR,4,73.043,10.0,3.0,,,21.758,29.295,21.99,3438.47,3467.765,3489.755,282.0,305.0,288.0,320.0,True,SOFT,4.0,False,McLaren,3416.712,2024-06-22 11:13:15.127,1,,False,,False,True
3583.64,NOR,4,93.885,11.0,3.0,,3580.769,29.633,33.771,30.481,3519.388,3553.159,3583.64,204.0,211.0,,241.0,False,SOFT,5.0,False,McLaren,3489.755,2024-06-22 11:14:28.170,1,,False,,False,False
4484.848,NOR,4,,12.0,4.0,4352.932,,,48.786,42.075,,4442.863,4484.848,270.0,114.0,182.0,237.0,False,SOFT,6.0,False,McLaren,3583.64,2024-06-22 11:16:02.055,1,,False,,False,False
4596.718,NOR,4,111.87,13.0,4.0,,,33.16,37.442,41.268,4518.008,4555.45,4596.718,187.0,189.0,42.0,201.0,False,SOFT,7.0,False,McLaren,4484.848,2024-06-22 11:31:03.263,1,,False,,False,True
4720.779,NOR,4,124.061,14.0,4.0,,4717.997,57.432,36.968,29.661,4654.15,4691.118,4720.779,260.0,228.0,,280.0,False,SOFT,8.0,False,McLaren,4596.718,2024-06-22 11:32:55.133,1,,False,,False,False
1830.492,GAS,10,,1.0,1.0,1729.054,,,40.835,27.606,,1803.146,1830.672,204.0,239.0,286.0,169.0,False,SOFT,1.0,True,Alpine,1729.054,2024-06-22 10:45:07.469,1,,False,,False,False
1905.116,GAS,10,74.624,2.0,1.0,,,22.115,30.126,22.383,1852.607,1882.733,1905.116,283.0,301.0,288.0,319.0,True,SOFT,2.0,True,Alpine,1830.492,2024-06-22 10:46:48.907,1,,False,,False,True
2031.271,GAS,10,126.155,3.0,1.0,,2028.618,34.799,48.386,42.97,1939.915,1988.301,2031.271,130.0,201.0,,302.0,False,SOFT,3.0,True,Alpine,1905.116,2024-06-22 10:48:03.531,1,,False,,False,False
2859.544,GAS,10,,4.0,2.0,2746.251,,,47.733,32.477,,2827.2,2859.759,210.0,204.0,286.0,162.0,False,SOFT,4.0,False,Alpine,2031.271,2024-06-22 10:50:09.686,1,,False,,False,False
2934.526,GAS,10,74.982,5.0,2.0,,,22.164,30.043,22.775,2881.708,2911.751,2934.526,287.0,303.0,287.0,320.0,False,SOFT,5.0,False,Alpine,2859.544,2024-06-22 11:03:57.959,1,,False,,False,True
3024.912,GAS,10,90.386,6.0,2.0,,3022.156,27.251,33.616,29.519,2961.777,2995.393,3024.912,252.0,194.0,,301.0,False,SOFT,6.0,False,Alpine,2934.526,2024-06-22 11:05:12.941,1,,False,,False,False
3148.406,GAS,10,123.494,7.0,3.0,3057.04,3145.688,60.584,33.857,29.053,3085.496,3119.353,3148.406,262.0,226.0,,86.0,False,SOFT,7.0,False,Alpine,3024.912,2024-06-22 11:06:43.327,1,,False,,False,False
4060.788,GAS,10,,8.0,4.0,3948.962,,,44.333,33.335,,4027.621,4060.916,204.0,208.0,290.0,179.0,False,SOFT,1.0,True,Alpine,3148.406,2024-06-22 11:08:46.821,1,,False,,False,False
4134.752,GAS,10,73.964,9.0,4.0,,,21.845,29.542,22.577,4082.633,4112.175,4134.752,290.0,307.0,286.0,322.0,True,SOFT,2.0,True,Alpine,4060.788,2024-06-22 11:23:59.203,1,,False,,False,True
4273.167,GAS,10,138.415,10.0,4.0,,,35.858,56.586,45.971,4170.61,4227.196,4273.167,187.0,117.0,129.0,301.0,False,SOFT,3.0,True,Alpine,4134.752,2024-06-22 11:25:13.167,1,,False,,False,True
4408.628,GAS,10,135.461,11.0,4.0,,,46.395,56.371,32.695,4319.562,4375.933,4408.628,143.0,218.0,280.0,145.0,False,SOFT,4.0,True,Alpine,4273.167,2024-06-22 11:27:31.582,1,,False,,False,True
4483.654,GAS,10,75.026,12.0,4.0,,,22.19,30.075,22.761,4430.818,4460.893,4483.654,287.0,303.0,287.0,323.0,False,SOFT,5.0,True,Alpine,4408.628,2024-06-22 11:29:47.043,1,,False,,False,True
4613.95,GAS,10,130.296,13.0,4.0,,,31.963,45.762,52.571,4515.617,4561.379,4613.95,146.0,169.0,61.0,306.0,False,SOFT,6.0,True,Alpine,4483.654,2024-06-22 11:31:02.069,1,,False,,False,True
4732.697,GAS,10,118.747,14.0,4.0,,4730.035,51.978,31.954,34.815,4665.928,4697.882,4732.697,236.0,221.0,,289.0,False,SOFT,7.0,True,Alpine,4613.95,2024-06-22 11:33:12.365,1,,False,,False,False
1439.861,PER,11,,1.0,1.0,1343.766,,,37.814,27.352,,1412.682,1440.01,196.0,246.0,289.0,175.0,False,MEDIUM,1.0,True,Red Bull Racing,1343.766,2024-06-22 10:38:42.181,1,,False,,False,False
1514.881,PER,11,75.02,2.0,1.0,,,22.138,30.323,22.559,1461.999,1492.322,1514.881,287.0,297.0,288.0,323.0,True,MEDIUM,2.0,True,Red Bull Racing,1439.861,2024-06-22 10:40:18.276,1,,False,,False,True
1641.29,PER,11,126.409,3.0,1.0,,1638.402,34.273,53.461,38.675,1549.154,1602.615,1641.29,146.0,97.0,,201.0,False,MEDIUM,3.0,True,Red Bull Racing,1514.881,2024-06-22 10:41:33.296,1,,False,,False,False
1789.313,PER,11,148.023,4.0,2.0,1664.394,,57.132,57.09,33.801,1698.422,1755.512,1789.313,176.0,112.0,290.0,161.0,False,MEDIUM,4.0,False,Red Bull Racing,1641.29,2024-06-22 10:43:39.705,1,,False,,False,False
1864.35,PER,11,75.037,5.0,2.0,,,22.185,30.214,22.638,1811.498,1841.712,1864.35,284.0,307.0,289.0,325.0,False,MEDIUM,5.0,False,Red Bull Racing,1789.313,2024-06-22 10:46:07.728,1,,False,,False,True
1970.837,PER,11,106.487,6.0,2.0,,1968.179,30.503,42.549,33.435,1894.853,1937.402,1970.837,184.0,219.0,,253.0,False,MEDIUM,6.0,False,Red Bull Racing,1864.35,2024-06-22 10:47:22.765,1,,False,,False,False
2736.471,PER,11,,7.0,3.0,2629.49,,,46.986,26.185,,2710.57,2736.568,179.0,190.0,288.0,156.0,False,MEDIUM,7.0,False,Red Bull Racing,1970.837,2024-06-22 10:49:09.252,1,,False,,False,False
2811.978,PER,11,75.507,8.0,3.0,,,22.292,30.418,22.797,2758.763,2789.181,2811.978,287.0,302.0,286.0,323.0,False,MEDIUM,8.0,False,Red Bull Racing,2736.471,2024-06-22 11:01:54.886,1,,False,,False,True
2931.05,PER,11,119.072,9.0,3.0,,2927.903,32.898,45.213,40.961,2844.876,2890.089,2931.05,154.0,179.0,,245.0,False,MEDIUM,9.0,False,Red Bull Racing,2811.978,2024-06-22 11:03:10.393,1,,False,,False,False
3121.293,PER,11,,10.0,4.0,2988.83,,97.301,59.731,33.247,3028.552,3088.167,3121.455,123.0,100.0,283.0,135.0,False,MEDIUM,10.0,False,Red Bull Racing,2931.05,2024-06-22 11:05:09.465,1,,False,,False,False
3197.723,PER,11,76.43,11.0,4.0,,,22.591,30.79,23.049,3143.884,3174.674,3197.723,284.0,302.0,285.0,318.0,False,MEDIUM,11.0,False,Red Bull Racing,3121.293,2024-06-22 11:08:19.708,1,,False,,False,True
3287.587,PER,11,89.864,12.0,4.0,,3284.884,24.876,36.108,28.88,3222.599,3258.707,3287.587,195.0,243.0,,303.0,False,MEDIUM,12.0,False,Red Bull Racing,3197.723,2024-06-22 11:09:36.138,1,,False,,False,False
3930.2,PER,11,,13.0,5.0,3824.304,,,42.794,25.582,,3904.781,3930.254,154.0,244.0,289.0,155.0,False,SOFT,1.0,True,Red Bull Racing,3287.587,2024-06-22 11:11:06.002,1,,False,,False,False
4003.923,PER,11,73.723,14.0,5.0,,,22.02,29.452,22.251,3952.22,3981.672,4003.923,290.0,307.0,282.0,319.0,True,SOFT,2.0,True,Red Bull Racing,3930.2,2024-06-22 11:21:48.615,1,,False,,False,True
4130.139,PER,11,126.216,15.0,5.0,,4126.965,33.253,54.523,38.44,4037.176,4091.699,4130.139,110.0,163.0,,230.0,False,SOFT,3.0,True,Red Bull Racing,4003.923,2024-06-22 11:23:02.338,1,,False,,False,False
4404.054,PER,11,,16.0,6.0,4267.393,,,60.78,35.986,,4368.187,4404.126,136.0,112.0,279.0,133.0,False,SOFT,4.0,False,Red Bull Racing,4130.139,2024-06-22 11:25:08.554,1,,False,,False,False
4483.328,PER,11,79.274,17.0,6.0,,,22.277,30.24,26.757,4426.331,4456.571,4483.328,286.0,307.0,243.0,322.0,False,SOFT,5.0,False,Red Bull Racing,4404.054,2024-06-22 11:29:42.469,1,,False,,False,True
4617.968,PER,11,134.64,18.0,6.0,,,37.182,47.311,50.147,4520.51,4567.821,4617.968,134.0,161.0,52.0,168.0,False,SOFT,6.0,False,Red Bull Racing,4483.328,2024-06-22 11:31:01.743,1,,False,,False,True
4741.899,PER,11,123.931,19.0,6.0,,4739.088,52.926,41.724,29.281,4670.894,4712.618,4741.899,191.0,234.0,,287.0,False,SOFT,7.0,False,Red Bull Racing,4617.968,2024-06-22 11:33:16.383,1,,False,,False,False
1415.506,ALO,14,,1.0,1.0,1299.509,1412.291,,41.192,45.229,,1370.389,1415.506,204.0,189.0,,243.0,False,HARD,1.0,True,Aston Martin,1299.509,2024-06-22 10:37:57.924,1,,False,,False,False
1567.24,ALO,14,,2.0,2.0,1444.584,1564.509,68.412,43.42,39.998,1483.969,1527.377,1567.24,204.0,191.0,,142.0,False,MEDIUM,1.0,True,Aston Martin,1415.506,2024-06-22 10:39:53.921,1,,False,,False,False
2208.186,ALO,14,,3.0,3.0,2111.351,,,39.135,28.262,,2180.191,2208.321,231.0,205.0,279.0,225.0,False,MEDIUM,1.0,True,Aston Martin,1567.24,2024-06-22 10:42:25.655,1,,False,,False,False
2283.166,ALO,14,74.98,4.0,3.0,,,22.296,30.158,22.526,2230.482,2260.64,2283.166,284.0,302.0,284.0,319.0,True,MEDIUM,2.0,True,Aston Martin,2208.186,2024-06-22 10:53:06.601,1,,False,,False,True
2418.881,ALO,14,135.715,5.0,3.0,,,45.601,48.809,41.305,2328.767,2377.576,2418.881,170.0,214.0,282.0,149.0,False,MEDIUM,3.0,True,Aston Martin,2283.166,2024-06-22 10:54:21.581,1,,False,,False,True
2532.528,ALO,14,113.647,6.0,3.0,,,31.15,51.008,31.489,2450.031,2501.039,2532.528,118.0,208.0,283.0,322.0,False,MEDIUM,4.0,True,Aston Martin,2418.881,2024-06-22 10:56:37.296,1,,False,,False,True
2607.538,ALO,14,75.01,7.0,3.0,,,22.344,30.064,22.602,2554.872,2584.936,2607.538,284.0,298.0,288.0,321.0,False,MEDIUM,5.0,True,Aston Martin,2532.528,2024-06-22 10:58:30.943,1,,False,,False,True
2730.778,ALO,14,123.24,8.0,3.0,,,40.12,47.325,35.795,2647.658,2694.983,2730.778,196.0,203.0,148.0,178.0,False,MEDIUM,6.0,True,Aston Martin,2607.538,2024-06-22 10:59:45.953,1,,False,,False,True
2840.79,ALO,14,110.012,9.0,3.0,,,41.568,39.249,29.195,2772.346,2811.595,2840.79,211.0,242.0,283.0,236.0,False,MEDIUM,7.0,True,Aston Martin,2730.778,2024-06-22 11:01:49.193,1,,False,,False,True
2919.044,ALO,14,78.254,10.0,3.0,,,22.208,31.471,24.575,2862.998,2894.469,2919.044,287.0,263.0,280.0,320.0,False,MEDIUM,8.0,True,Aston Martin,2840.79,2024-06-22 11:03:39.205,1,,False,,False,True
3004.401,ALO,14,85.357,11.0,3.0,,3001.714,23.266,32.582,29.509,2942.31,2974.892,3004.401,271.0,238.0,,299.0,False,MEDIUM,9.0,True,Aston Martin,2919.044,2024-06-22 11:04:57.459,1,,False,,False,False
3115.736,ALO,14,111.335,12.0,4.0,3025.309,3112.953,45.259,34.918,31.158,3049.66,3084.578,3115.736,239.0,200.0,,234.0,False,MEDIUM,10.0,False,Aston Martin,3004.401,2024-06-22 11:06:22.816,1,,False,,False,False
3674.554,ALO,14,,13.0,5.0,3567.034,,,39.337,30.652,,3644.039,3674.753,223.0,224.0,290.0,112.0,False,SOFT,1.0,True,Aston Martin,3115.736,2024-06-22 11:08:14.151,1,,False,,False,False
3748.34,ALO,14,73.786,14.0,5.0,,,21.843,29.567,22.376,3696.397,3725.964,3748.34,288.0,301.0,287.0,326.0,True,SOFT,2.0,True,Aston Martin,3674.554,2024-06-22 11:17:32.969,1,,False,,False,True
3868.638,ALO,14,120.298,15.0,5.0,,3865.892,37.078,43.684,39.536,3785.418,3829.102,3868.638,211.0,206.0,,200.0,False,SOFT,3.0,True,Aston Martin,3748.34,2024-06-22 11:18:46.755,1,,False,,False,False
4015.511,ALO,14,146.873,16.0,6.0,3897.064,,77.236,40.495,29.142,3945.874,3986.369,4015.511,200.0,237.0,287.0,133.0,False,SOFT,4.0,False,Aston Martin,3868.638,2024-06-22 11:20:47.053,1,,False,,False,False
4089.855,ALO,14,74.344,17.0,6.0,,,22.024,29.797,22.523,4037.535,4067.332,4089.855,288.0,303.0,286.0,322.0,False,SOFT,5.0,False,Aston Martin,4015.511,2024-06-22 11:23:13.926,1,,False,,False,True
4177.336,ALO,14,87.481,18.0,6.0,,4174.668,24.835,31.968,30.678,4114.69,4146.658,4177.336,259.0,277.0,,249.0,False,SOFT,6.0,False,Aston Martin,4089.855,2024-06-22 11:24:28.270,1,,False,,False,False
4493.628,ALO,14,,19.0,7.0,4378.755,,,34.916,25.676,,4468.016,4493.628,214.0,217.0,264.0,159.0,False,SOFT,7.0,False,Aston Martin,4177.336,2024-06-22 11:25:55.751,1,,False,,False,False
4591.15,ALO,14,97.522,20.0,7.0,,,25.755,36.565,35.202,4519.383,4555.948,4591.15,215.0,190.0,54.0,291.0,False,SOFT,8.0,False,Aston Martin,4493.628,2024-06-22 11:31:12.043,1,,False,,False,True
4706.849,ALO,14,,21.0,7.0,,4706.849,52.286,32.806,,4643.577,4676.374,,272.0,213.0,,284.0,False,SOFT,9.0,False,Aston Martin,4591.15,2024-06-22 11:32:49.565,1,,False,,False,False
1558.73,LEC,16,,1.0,1.0,1442.165,,,45.483,32.652,,1526.227,1558.857,196.0,197.0,286.0,127.0,False,SOFT,1.0,True,Ferrari,1442.165,2024-06-22 10:40:20.580,1,,False,,False,False
1632.302,LEC,16,73.572,2.0,1.0,,,21.786,29.426,22.36,1580.516,1609.942,1632.302,289.0,309.0,286.0,327.0,True,SOFT,2.0,True,Ferrari,1558.73,2024-06-22 10:42:17.145,1,,False,,False,True
1778.132,LEC,16,145.83,3.0,1.0,,1775.361,38.47,59.359,48.001,1670.772,1730.131,1778.132,118.0,106.0,,246.0,False,SOFT,3.0,True,Ferrari,1632.302,2024-06-22 10:43:30.717,1,,False,,False,False
1917.208,LEC,16,139.076,4.0,2.0,1794.906,,58.361,47.399,33.316,1836.493,1883.892,1917.208,175.0,141.0,288.0,115.0,False,SOFT,4.0,False,Ferrari,1778.132,2024-06-22 10:45:56.547,1,,False,,False,False
1991.048,LEC,16,73.84,5.0,2.0,,,21.833,29.741,22.266,1939.041,1968.782,1991.048,290.0,306.0,290.0,324.0,False,SOFT,5.0,False,Ferrari,1917.208,2024-06-22 10:48:15.623,1,,False,,False,True
2095.593,LEC,16,104.545,6.0,2.0,,2092.884,31.825,41.701,31.019,2022.873,2064.574,2095.593,140.0,215.0,,286.0,False,SOFT,6.0,False,Ferrari,1991.048,2024-06-22 10:49:29.463,1,,False,,False,False
2556.253,LEC,16,,7.0,3.0,2445.285,,,33.847,30.272,,2526.117,2556.27,255.0,223.0,276.0,241.0,False,SOFT,7.0,False,Ferrari,2095.593,2024-06-22 10:51:14.008,1,,False,,False,False
2635.283,LEC,16,79.03,8.0,3.0,,,23.703,31.712,23.615,2579.956,2611.668,2635.283,272.0,274.0,278.0,300.0,False,SOFT,8.0,False,Ferrari,2556.253,2024-06-22 10:58:54.668,1,,False,,False,True
2714.108,LEC,16,78.825,9.0,3.0,,,23.716,31.582,23.527,2658.999,2690.581,2714.108,270.0,271.0,280.0,301.0,False,SOFT,9.0,False,Ferrari,2635.283,2024-06-22 11:00:13.698,1,,False,,False,True
2792.188,LEC,16,78.08,10.0,3.0,,,23.401,31.343,23.336,2737.509,2768.852,2792.188,276.0,280.0,281.0,302.0,False,SOFT,10.0,False,Ferrari,2714.108,2024-06-22 11:01:32.523,1,,False,,False,True
2870.173,LEC,16,77.985,11.0,3.0,,,23.326,31.196,23.463,2815.514,2846.71,2870.173,275.0,281.0,282.0,300.0,False,SOFT,11.0,False,Ferrari,2792.188,2024-06-22 11:02:50.603,1,,False,,False,True
2947.573,LEC,16,77.4,12.0,3.0,,,22.985,31.03,23.385,2893.158,2924.188,2947.573,283.0,287.0,282.0,303.0,False,SOFT,12.0,False,Ferrari,2870.173,2024-06-22 11:04:08.588,1,,False,,False,True
3028.601,LEC,16,81.028,13.0,3.0,,3025.76,22.883,31.136,27.009,2970.456,3001.592,3028.601,282.0,287.0,,304.0,False,SOFT,13.0,False,Ferrari,2947.573,2024-06-22 11:05:25.988,1,,False,,False,False
3995.084,LEC,16,,14.0,4.0,3884.036,,,42.655,26.681,,3968.549,3995.133,195.0,231.0,291.0,96.0,False,SOFT,1.0,True,Ferrari,3028.601,2024-06-22 11:06:47.016,1,,False,,False,False
4068.134,LEC,16,73.05,15.0,4.0,,,21.664,29.234,22.152,4016.748,4045.982,4068.134,290.0,311.0,291.0,324.0,True,SOFT,2.0,True,Ferrari,3995.084,2024-06-22 11:22:53.499,1,,False,,False,True
4202.696,LEC,16,134.562,16.0,4.0,,4199.45,32.995,55.15,46.417,4101.129,4156.279,4202.696,141.0,130.0,,264.0,False,SOFT,3.0,True,Ferrari,4068.134,2024-06-22 11:24:06.549,1,,False,,False,False
4373.452,LEC,16,,17.0,5.0,4231.264,,81.829,55.141,33.691,4284.776,4339.936,4373.452,123.0,191.0,285.0,80.0,False,SOFT,4.0,False,Ferrari,4202.696,2024-06-22 11:26:21.111,1,,False,,False,False
4464.749,LEC,16,91.297,18.0,5.0,,4461.974,21.958,35.132,34.207,4395.41,4430.542,4464.749,292.0,174.0,,322.0,False,SOFT,5.0,False,Ferrari,4373.452,2024-06-22 11:29:11.867,1,,False,,False,False
1402.656,STR,18,,1.0,1.0,1288.556,1399.826,,41.448,38.747,,1363.946,1402.656,195.0,191.0,,114.0,False,HARD,1.0,True,Aston Martin,1288.556,2024-06-22 10:37:46.971,1,,False,,False,False
1557.688,STR,18,,2.0,2.0,1429.528,1554.87,71.969,42.795,40.314,1474.721,1517.487,1557.688,153.0,193.0,,97.0,False,MEDIUM,1.0,True,Aston Martin,1402.656,2024-06-22 10:39:41.071,1,,False,,False,False
2271.957,STR,18,,3.0,3.0,2172.347,,,40.171,29.26,,2242.972,2272.094,199.0,206.0,280.0,207.0,False,MEDIUM,1.0,True,Aston Martin,1557.688,2024-06-22 10:42:16.103,1,,False,,False,False
2347.233,STR,18,75.276,4.0,3.0,,,22.408,30.224,22.644,2294.365,2324.589,2347.233,278.0,295.0,284.0,319.0,True,MEDIUM,2.0,True,Aston Martin,2271.957,2024-06-22 10:54:10.372,1,,False,,False,True
2479.681,STR,18,132.448,5.0,3.0,,,38.153,55.937,38.358,2385.386,2441.323,2479.681,132.0,130.0,222.0,201.0,False,MEDIUM,3.0,True,Aston Martin,2347.233,2024-06-22 10:55:25.648,1,,False,,False,True
2601.445,STR,18,121.764,6.0,3.0,,,43.832,48.963,28.969,2523.513,2572.476,2601.445,52.0,168.0,283.0,133.0,False,MEDIUM,4.0,True,Aston Martin,2479.681,2024-06-22 10:57:38.096,1,,False,,False,True
2676.943,STR,18,75.498,7.0,3.0,,,22.316,30.407,22.775,2623.761,2654.168,2676.943,283.0,298.0,283.0,320.0,False,MEDIUM,5.0,True,Aston Martin,2601.445,2024-06-22 10:59:39.860,1,,False,,False,True
2803.445,STR,18,126.502,8.0,3.0,,,41.73,56.4,28.372,2718.673,2775.073,2803.445,127.0,188.0,279.0,190.0,False,MEDIUM,6.0,True,Aston Martin,2676.943,2024-06-22 11:00:55.358,1,,False,,False,True
2880.135,STR,18,76.69,9.0,3.0,,,22.972,30.615,23.103,2826.417,2857.032,2880.135,284.0,284.0,282.0,298.0,False,MEDIUM,7.0,True,Aston Martin,2803.445,2024-06-22 11:03:01.860,1,,False,,False,True
2976.356,STR,18,96.221,10.0,3.0,,2973.689,30.574,34.739,30.908,2910.709,2945.448,2976.356,205.0,217.0,,269.0,False,MEDIUM,8.0,True,Aston Martin,2880.135,2024-06-22 11:04:18.550,1,,False,,False,False
3094.537,STR,18,118.181,11.0,4.0,2995.32,3091.829,51.288,35.161,31.732,3027.644,3062.805,3094.537,194.0,203.0,,237.0,False,MEDIUM,9.0,False,Aston Martin,2976.356,2024-06-22 11:05:54.771,1,,False,,False,False
3720.119,STR,18,,12.0,5.0,3617.449,,,39.761,25.198,,3695.101,3720.218,190.0,234.0,285.0,200.0,False,SOFT,1.0,True,Aston Martin,3094.537,2024-06-22 11:07:52.952,1,,False,,False,False
3838.392,STR,18,118.273,13.0,5.0,,,21.988,55.065,41.22,3742.107,3797.172,3838.392,283.0,145.0,208.0,322.0,False,SOFT,2.0,True,Aston Martin,3720.119,2024-06-22 11:18:18.534,1,,False,,False,True
3971.335,STR,18,132.943,14.0,5.0,,,40.301,55.736,36.906,3878.693,3934.429,3971.335,120.0,175.0,287.0,218.0,False,SOFT,3.0,True,Aston Martin,3838.392,2024-06-22 11:20:16.807,1,,False,,False,True
4045.589,STR,18,74.254,15.0,5.0,,,22.062,29.74,22.452,3993.397,4023.137,4045.589,285.0,302.0,284.0,322.0,True,SOFT,4.0,True,Aston Martin,3971.335,2024-06-22 11:22:29.750,1,,False,,False,True
4138.948,STR,18,93.359,16.0,5.0,,4136.153,26.036,37.269,30.054,4071.625,4108.894,4138.948,215.0,207.0,,282.0,False,SOFT,5.0,True,Aston Martin,4045.589,2024-06-22 11:23:44.004,1,,False,,False,False
1265.562,MAG,20,,1.0,1.0,1179.815,,,34.363,24.071,,1241.882,1265.801,204.0,257.0,274.0,227.0,False,HARD,1.0,True,Haas F1 Team,1179.815,2024-06-22 10:35:58.230,1,,False,,False,False
1344.217,MAG,20,78.655,2.0,1.0,,,23.68,31.399,23.576,1289.242,1320.641,1344.217,275.0,277.0,278.0,298.0,True,HARD,2.0,True,Haas F1 Team,1265.562,2024-06-22 10:37:23.977,1,,False,,False,True
1423.045,MAG,20,78.828,3.0,1.0,,,23.612,31.58,23.636,1367.829,1399.409,1423.045,273.0,274.0,276.0,304.0,False,HARD,3.0,True,Haas F1 Team,1344.217,2024-06-22 10:38:42.632,1,,False,,False,True
1502.063,MAG,20,79.018,4.0,1.0,,,23.544,31.711,23.763,1446.589,1478.3,1502.063,,273.0,277.0,,False,HARD,4.0,True,Haas F1 Team,1423.045,2024-06-22 10:40:01.460,1,,False,,False,True
1580.535,MAG,20,78.472,5.0,1.0,,,23.42,31.52,23.532,1525.483,1557.003,1580.535,,275.0,277.0,303.0,True,HARD,5.0,True,Haas F1 Team,1502.063,2024-06-22 10:41:20.478,1,,False,,False,True
1658.803,MAG,20,78.268,6.0,1.0,,,23.284,31.412,23.572,1603.819,1635.231,1658.803,278.0,277.0,279.0,305.0,True,HARD,6.0,True,Haas F1 Team,1580.535,2024-06-22 10:42:38.950,1,,False,,False,True
1736.794,MAG,20,77.991,7.0,1.0,,,23.155,31.423,23.413,1681.958,1713.381,1736.794,,278.0,280.0,303.0,True,HARD,7.0,True,Haas F1 Team,1658.803,2024-06-22 10:43:57.218,1,,False,,False,True
1815.484,MAG,20,78.69,8.0,1.0,,,23.233,31.566,23.891,1760.027,1791.593,1815.484,277.0,277.0,280.0,304.0,False,HARD,8.0,True,Haas F1 Team,1736.794,2024-06-22 10:45:15.209,1,,False,,False,True
1894.127,MAG,20,78.643,9.0,1.0,,,23.306,31.685,23.652,1838.79,1870.475,1894.127,,276.0,280.0,308.0,False,HARD,9.0,True,Haas F1 Team,1815.484,2024-06-22 10:46:33.899,1,,False,,False,True
1972.818,MAG,20,78.691,10.0,1.0,,,23.281,31.664,23.746,1917.408,1949.072,1972.818,279.0,274.0,281.0,307.0,False,HARD,10.0,True,Haas F1 Team,1894.127,2024-06-22 10:47:52.542,1,,False,,False,True
2051.829,MAG,20,79.011,11.0,1.0,,,23.482,31.696,23.833,1996.3,2027.996,2051.829,278.0,281.0,281.0,305.0,False,HARD,11.0,True,Haas F1 Team,1972.818,2024-06-22 10:49:11.233,1,,False,,False,True
2131.325,MAG,20,79.496,12.0,1.0,,,23.438,31.957,24.101,2075.267,2107.224,2131.325,,281.0,279.0,309.0,False,HARD,12.0,True,Haas F1 Team,2051.829,2024-06-22 10:50:30.244,1,,False,,False,True
2211.251,MAG,20,79.926,13.0,1.0,,,23.707,32.099,24.12,2155.032,2187.131,2211.251,279.0,276.0,280.0,304.0,False,HARD,13.0,True,Haas F1 Team,2131.325,2024-06-22 10:51:49.740,1,,False,,False,True
2290.927,MAG,20,79.676,14.0,1.0,,,23.569,32.081,24.026,2234.82,2266.901,2290.927,277.0,280.0,280.0,308.0,False,HARD,14.0,True,Haas F1 Team,2211.251,2024-06-22 10:53:09.666,1,,False,,False,True
2371.271,MAG,20,80.344,15.0,1.0,,,23.69,32.443,24.211,2314.617,2347.06,2371.271,269.0,272.0,278.0,312.0,False,HARD,15.0,True,Haas F1 Team,2290.927,2024-06-22 10:54:29.342,1,,False,,False,True
2458.038,MAG,20,86.767,16.0,1.0,,2454.723,23.341,34.268,29.158,2394.612,2428.88,2458.038,266.0,234.0,,323.0,False,HARD,16.0,True,Haas F1 Team,2371.271,2024-06-22 10:55:49.686,1,,False,,False,False
2593.737,MAG,20,135.699,17.0,2.0,2473.708,2591.023,64.173,41.749,29.777,2522.211,2563.96,2593.737,191.0,198.0,,231.0,False,HARD,17.0,False,Haas F1 Team,2458.038,2024-06-22 10:57:16.453,1,,False,,False,False
3379.923,MAG,20,,18.0,3.0,3273.627,,,47.401,27.212,,3352.977,3380.123,139.0,240.0,289.0,184.0,False,SOFT,1.0,True,Haas F1 Team,2593.737,2024-06-22 10:59:32.152,1,,False,,False,False
3453.997,MAG,20,74.074,19.0,3.0,,,22.058,29.522,22.494,3401.981,3431.503,3453.997,290.0,309.0,289.0,323.0,True,SOFT,2.0,True,Haas F1 Team,3379.923,2024-06-22 11:12:38.338,1,,False,,False,True
3604.749,MAG,20,,20.0,3.0,,,37.237,60.479,52.948,3491.502,3551.998,3604.844,114.0,95.0,143.0,293.0,False,SOFT,3.0,True,Haas F1 Team,3453.997,2024-06-22 11:13:52.412,1,,False,,False,False
3742.285,MAG,20,137.536,21.0,3.0,,,44.327,64.251,28.958,3649.076,3713.327,3742.285,145.0,229.0,288.0,155.0,False,SOFT,4.0,True,Haas F1 Team,3604.749,2024-06-22 11:16:23.164,1,,False,,False,True
3816.938,MAG,20,74.653,22.0,3.0,,,22.063,29.97,22.62,3764.348,3794.318,3816.938,289.0,307.0,288.0,325.0,False,SOFT,5.0,True,Haas F1 Team,3742.285,2024-06-22 11:18:40.700,1,,False,,False,True
3920.916,MAG,20,103.978,23.0,3.0,,3918.06,29.044,42.347,32.587,3845.982,3888.329,3920.916,190.0,173.0,,293.0,False,SOFT,6.0,True,Haas F1 Team,3816.938,2024-06-22 11:19:55.353,1,,False,,False,False
4419.658,MAG,20,,24.0,4.0,4308.413,,,37.848,28.89,,4390.86,4419.658,173.0,237.0,210.0,236.0,False,SOFT,7.0,False,Haas F1 Team,3920.916,2024-06-22 11:21:39.331,1,,False,,False,False
4513.971,MAG,20,94.313,25.0,4.0,,,27.236,38.643,28.434,4446.894,4485.537,4513.971,209.0,164.0,260.0,277.0,False,SOFT,8.0,False,Haas F1 Team,4419.658,2024-06-22 11:29:58.073,1,,False,,False,True
4674.447,MAG,20,,26.0,4.0,,,27.578,40.573,92.424,4541.538,4582.321,4674.627,187.0,154.0,2.0,296.0,False,SOFT,9.0,False,Haas F1 Team,4513.971,2024-06-22 11:31:32.386,1,,False,,False,False
4766.394,MAG,20,91.947,27.0,4.0,,4763.648,27.867,34.976,29.104,4702.314,4737.29,4766.394,275.0,199.0,,286.0,False,SOFT,10.0,False,Haas F1 Team,4674.447,2024-06-22 11:34:12.862,1,,False,,False,False
1383.726,TSU,22,,1.0,1.0,1285.715,,,39.036,25.898,,1358.038,1383.911,202.0,255.0,276.0,150.0,False,MEDIUM,1.0,True,RB,1285.715,2024-06-22 10:37:44.130,1,,False,,False,False
1459.464,TSU,22,75.738,2.0,1.0,,,22.604,30.354,22.78,1406.33,1436.684,1459.464,280.0,297.0,280.0,311.0,True,MEDIUM,2.0,True,RB,1383.726,2024-06-22 10:39:22.141,1,,False,,False,True
1594.676,TSU,22,135.212,3.0,1.0,,,41.211,56.272,37.729,1500.675,1556.947,1594.676,117.0,127.0,162.0,198.0,False,MEDIUM,3.0,True,RB,1459.464,2024-06-22 10:40:37.879,1,,False,,False,True
1707.992,TSU,22,113.316,4.0,1.0,,,38.92,47.469,26.927,1633.596,1681.065,1707.992,133.0,198.0,282.0,199.0,False,MEDIUM,4.0,True,RB,1594.676,2024-06-22 10:42:53.091,1,,False,,False,True
1783.654,TSU,22,75.662,5.0,1.0,,,22.473,30.329,22.86,1730.465,1760.794,1783.654,282.0,300.0,282.0,314.0,True,MEDIUM,5.0,True,RB,1707.992,2024-06-22 10:44:46.407,1,,False,,False,True
1897.459,TSU,22,113.805,6.0,1.0,,1894.865,34.665,41.666,37.474,1818.319,1859.985,1897.459,188.0,190.0,,152.0,False,MEDIUM,6.0,True,RB,1783.654,2024-06-22 10:46:02.069,1,,False,,False,False
2538.938,TSU,22,,7.0,2.0,2429.583,,,43.776,26.459,,2512.675,2539.015,134.0,234.0,280.0,120.0,False,MEDIUM,7.0,False,RB,1897.459,2024-06-22 10:47:55.874,1,,False,,False,False
2647.799,TSU,22,108.861,8.0,2.0,,,33.003,48.821,27.037,2571.941,2620.762,2647.799,133.0,204.0,280.0,315.0,False,MEDIUM,8.0,False,RB,2538.938,2024-06-22 10:58:37.353,1,,False,,False,True
2724.3,TSU,22,76.501,9.0,2.0,,,22.608,30.768,23.125,2670.407,2701.175,2724.3,282.0,296.0,279.0,,False,MEDIUM,9.0,False,RB,2647.799,2024-06-22 11:00:26.214,1,,False,,False,True
2822.056,TSU,22,97.756,10.0,2.0,,,31.736,41.858,24.162,2756.036,2797.894,2822.056,155.0,251.0,274.0,287.0,False,MEDIUM,10.0,False,RB,2724.3,2024-06-22 11:01:42.715,1,,False,,False,True
2900.29,TSU,22,78.234,11.0,2.0,,,23.389,31.272,23.573,2845.445,2876.717,2900.29,283.0,280.0,275.0,296.0,False,MEDIUM,11.0,False,RB,2822.056,2024-06-22 11:03:20.471,1,,False,,False,True
2979.016,TSU,22,78.726,12.0,2.0,,,23.45,31.588,23.688,2923.74,2955.328,2979.016,281.0,283.0,273.0,295.0,False,MEDIUM,12.0,False,RB,2900.29,2024-06-22 11:04:38.705,1,,False,,False,True
3068.158,TSU,22,89.142,13.0,2.0,,3065.414,23.734,32.158,33.25,3002.75,3034.908,3068.158,280.0,193.0,,293.0,False,MEDIUM,13.0,False,RB,2979.016,2024-06-22 11:05:57.431,1,,False,,False,False
3191.685,TSU,22,123.527,14.0,3.0,3082.253,3189.004,55.77,35.932,31.825,3123.928,3159.86,3191.685,222.0,165.0,,229.0,False,MEDIUM,14.0,False,RB,3068.158,2024-06-22 11:07:26.573,1,,False,,False,False
3952.165,TSU,22,,15.0,4.0,3850.483,,,41.005,25.462,,3927.002,3952.388,196.0,242.0,283.0,130.0,False,SOFT,1.0,True,RB,3191.685,2024-06-22 11:09:30.100,1,,False,,False,False
4026.585,TSU,22,74.42,16.0,4.0,,,22.158,29.72,22.542,3974.323,4004.043,4026.585,286.0,297.0,275.0,313.0,True,SOFT,2.0,True,RB,3952.165,2024-06-22 11:22:10.580,1,,False,,False,True
4168.489,TSU,22,141.904,17.0,4.0,,4165.852,45.407,54.189,42.308,4071.992,4126.181,4168.489,109.0,145.0,,122.0,False,SOFT,3.0,True,RB,4026.585,2024-06-22 11:23:25.000,1,,False,,False,False
4304.142,TSU,22,135.653,18.0,5.0,4182.392,,59.458,48.669,27.526,4227.947,4276.616,4304.142,120.0,187.0,279.0,102.0,False,SOFT,4.0,False,RB,4168.489,2024-06-22 11:25:46.904,1,,False,,False,False
4382.683,TSU,22,78.541,19.0,5.0,,,22.43,30.28,25.831,4326.572,4356.852,4382.683,283.0,299.0,271.0,311.0,False,SOFT,5.0,False,RB,4304.142,2024-06-22 11:28:02.557,1,,False,,False,True
4492.923,TSU,22,110.24,20.0,5.0,,,41.041,43.24,25.959,4423.724,4466.964,4492.923,153.0,216.0,252.0,136.0,False,SOFT,6.0,False,RB,4382.683,2024-06-22 11:29:21.098,1,,False,,False,True
4602.243,TSU,22,109.32,21.0,5.0,,,30.532,36.737,42.051,4523.455,4560.192,4602.243,157.0,216.0,95.0,276.0,False,SOFT,7.0,False,RB,4492.923,2024-06-22 11:31:11.338,1,,False,,False,True
4734.22,TSU,22,131.977,22.0,5.0,,4731.474,56.871,38.818,36.288,4659.114,4697.932,4734.22,216.0,157.0,,277.0,False,SOFT,8.0,False,RB,4602.243,2024-06-22 11:33:00.658,1,,False,,False,False
2070.832,ALB,23,,1.0,1.0,1963.949,,,40.306,33.932,,2037.047,2070.956,119.0,234.0,276.0,214.0,False,SOFT,1.0,True,Williams,1963.949,2024-06-22 10:49:02.364,1,,False,,False,False
2145.487,ALB,23,74.655,2.0,1.0,,,22.183,29.928,22.544,2093.015,2122.943,2145.487,285.0,293.0,286.0,322.0,True,SOFT,2.0,True,Williams,2070.832,2024-06-22 10:50:49.247,1,,False,,False,True
2274.803,ALB,23,129.316,3.0,1.0,,2272.064,38.363,50.14,40.813,2183.85,2233.99,2274.803,138.0,214.0,,186.0,False,SOFT,3.0,True,Williams,2145.487,2024-06-22 10:52:03.902,1,,False,,False,False
2426.781,ALB,23,,4.0,2.0,2288.641,,55.621,51.37,44.999,2330.74,2382.038,2426.913,133.0,88.0,277.0,125.0,False,SOFT,4.0,False,Williams,2274.803,2024-06-22 10:54:13.218,1,,False,,False,False
2524.135,ALB,23,97.354,5.0,2.0,,2521.359,22.326,39.581,35.447,2449.107,2488.688,2524.135,285.0,199.0,,325.0,False,SOFT,5.0,False,Williams,2426.781,2024-06-22 10:56:45.196,1,,False,,False,False
3232.696,ALB,23,,6.0,3.0,3124.666,,,40.505,34.122,,3198.784,3232.798,213.0,235.0,285.0,217.0,False,SOFT,1.0,True,Williams,2524.135,2024-06-22 10:58:22.550,1,,False,,False,False
3306.449,ALB,23,73.753,7.0,3.0,,,21.898,29.487,22.368,3254.594,3284.081,3306.449,290.0,303.0,286.0,321.0,True,SOFT,2.0,True,Williams,3232.696,2024-06-22 11:10:11.111,1,,False,,False,True
3434.532,ALB,23,128.083,8.0,3.0,,3432.565,34.267,51.746,42.07,3340.716,3392.462,3434.532,142.0,159.0,,277.0,False,SOFT,3.0,True,Williams,3306.449,2024-06-22 11:11:24.864,1,,False,,False,False
4076.94,ALB,23,,9.0,4.0,3967.375,,,42.17,31.534,,4045.444,4077.025,195.0,93.0,285.0,157.0,False,SOFT,4.0,False,Williams,3434.532,2024-06-22 11:13:32.947,1,,False,,False,False
4151.311,ALB,23,74.371,10.0,4.0,,,22.033,29.713,22.625,4098.973,4128.686,4151.311,290.0,299.0,285.0,322.0,False,SOFT,5.0,False,Williams,4076.94,2024-06-22 11:24:15.355,1,,False,,False,True
4244.35,ALB,23,93.039,11.0,4.0,,4241.583,26.467,33.197,33.375,4177.778,4210.975,4244.35,250.0,236.0,,286.0,False,SOFT,6.0,False,Williams,4151.311,2024-06-22 11:25:29.726,1,,False,,False,False
4497.431,ALB,23,,12.0,5.0,4393.319,,,39.79,26.153,,4471.357,4497.545,174.0,245.0,264.0,158.0,False,SOFT,6.0,False,Williams,4244.35,2024-06-22 11:27:02.765,1,,False,,False,False
4609.446,ALB,23,112.015,13.0,5.0,,,26.447,37.302,48.266,4523.878,4561.18,4609.446,150.0,206.0,51.0,284.0,False,SOFT,7.0,False,Williams,4497.431,2024-06-22 11:31:15.846,1,,False,,False,True
4721.994,ALB,23,,14.0,5.0,,4721.994,50.261,33.811,,4659.827,4693.688,,228.0,262.0,,280.0,False,SOFT,8.0,False,Williams,4609.446,2024-06-22 11:33:07.861,1,,False,,False,False
2007.59,ZHO,24,,1.0,1.0,1906.563,,,37.663,27.309,,1980.386,2007.633,184.0,224.0,278.0,139.0,False,MEDIUM,1.0,True,Kick Sauber,1906.563,2024-06-22 10:48:04.978,1,,False,,False,False
2083.249,ZHO,24,75.659,2.0,1.0,,,22.493,30.398,22.768,2030.083,2060.481,2083.249,280.0,294.0,285.0,320.0,True,MEDIUM,2.0,True,Kick Sauber,2007.59,2024-06-22 10:49:46.005,1,,False,,False,True
2201.611,ZHO,24,118.362,3.0,1.0,,2198.803,31.982,46.454,39.926,2115.231,2161.685,2201.611,197.0,150.0,,233.0,False,MEDIUM,3.0,True,Kick Sauber,2083.249,2024-06-22 10:51:01.664,1,,False,,False,False
2327.013,ZHO,24,125.402,4.0,2.0,2226.807,,57.996,40.358,27.048,2259.607,2299.965,2327.013,180.0,200.0,278.0,150.0,False,MEDIUM,4.0,False,Kick Sauber,2201.611,2024-06-22 10:53:00.026,1,,False,,False,False
2403.65,ZHO,24,76.637,5.0,2.0,,,22.546,30.69,23.401,2349.559,2380.249,2403.65,280.0,289.0,281.0,320.0,False,MEDIUM,5.0,False,Kick Sauber,2327.013,2024-06-22 10:55:05.428,1,,False,,False,True
2529.362,ZHO,24,125.712,6.0,2.0,,2526.392,37.081,49.104,39.527,2440.731,2489.835,2529.362,61.0,159.0,,168.0,False,MEDIUM,6.0,False,Kick Sauber,2403.65,2024-06-22 10:56:22.065,1,,False,,False,False
2662.229,ZHO,24,132.867,7.0,3.0,2545.167,,56.523,42.894,33.45,2585.885,2628.779,2662.229,221.0,197.0,279.0,125.0,False,MEDIUM,7.0,False,Kick Sauber,2529.362,2024-06-22 10:58:27.777,1,,False,,False,False
2739.018,ZHO,24,76.789,8.0,3.0,,,22.674,30.818,23.297,2684.903,2715.721,2739.018,279.0,290.0,287.0,322.0,False,MEDIUM,8.0,False,Kick Sauber,2662.229,2024-06-22 11:00:40.644,1,,False,,False,True
2840.791,ZHO,24,101.773,9.0,3.0,,2838.071,27.128,38.662,35.983,2766.146,2804.808,2840.791,232.0,189.0,,279.0,False,MEDIUM,9.0,False,Kick Sauber,2739.018,2024-06-22 11:01:57.433,1,,False,,False,False
2965.627,ZHO,24,124.836,10.0,4.0,2861.976,2962.855,60.146,33.085,31.605,2900.937,2934.022,2965.627,240.0,268.0,,194.0,False,MEDIUM,10.0,False,Kick Sauber,2840.791,2024-06-22 11:03:39.206,1,,False,,False,False
4053.716,ZHO,24,,11.0,5.0,3947.085,,,43.321,28.479,,4025.458,4053.855,194.0,184.0,285.0,128.0,False,SOFT,1.0,True,Kick Sauber,2965.627,2024-06-22 11:05:44.042,1,,False,,False,False
4128.288,ZHO,24,74.572,12.0,5.0,,,22.001,29.888,22.683,4075.717,4105.605,4128.288,289.0,295.0,287.0,323.0,True,SOFT,2.0,True,Kick Sauber,4053.716,2024-06-22 11:23:52.131,1,,False,,False,True
4243.095,ZHO,24,114.807,13.0,5.0,,4240.121,27.744,49.873,37.19,4156.032,4205.905,4243.095,225.0,144.0,,259.0,False,SOFT,3.0,True,Kick Sauber,4128.288,2024-06-22 11:25:06.703,1,,False,,False,False
4400.647,ZHO,24,,14.0,6.0,4272.186,,63.98,51.905,41.598,4307.178,4359.181,4400.716,182.0,164.0,281.0,128.0,False,SOFT,4.0,False,Kick Sauber,4243.095,2024-06-22 11:27:01.510,1,,False,,False,False
4476.659,ZHO,24,76.012,15.0,6.0,,,22.26,30.283,23.469,4422.907,4453.19,4476.659,286.0,292.0,286.0,324.0,False,SOFT,5.0,False,Kick Sauber,4400.647,2024-06-22 11:29:39.062,1,,False,,False,True
4606.412,ZHO,24,129.753,16.0,6.0,,,33.303,49.527,46.923,4509.962,4559.489,4606.412,160.0,139.0,51.0,247.0,False,SOFT,6.0,False,Kick Sauber,4476.659,2024-06-22 11:30:55.074,1,,False,,False,True
4740.976,ZHO,24,134.564,17.0,6.0,,4738.125,58.101,41.934,34.529,4664.513,4706.447,4740.976,176.0,168.0,,284.0,False,SOFT,7.0,False,Kick Sauber,4606.412,2024-06-22 11:33:04.827,1,,False,,False,False
1550.026,HUL,27,,1.0,1.0,1435.394,,,37.619,40.566,,1509.744,1550.158,195.0,230.0,278.0,115.0,False,HARD,1.0,True,Haas F1 Team,1435.394,2024-06-22 10:40:13.809,1,,False,,False,False
1626.1,HUL,27,76.074,2.0,1.0,,,22.661,30.48,22.933,1572.687,1603.167,1626.1,282.0,304.0,285.0,323.0,True,HARD,2.0,True,Haas F1 Team,1550.026,2024-06-22 10:42:08.441,1,,False,,False,True
1750.922,HUL,27,124.822,3.0,1.0,,,38.542,50.638,35.642,1664.642,1715.28,1750.922,140.0,137.0,214.0,154.0,False,HARD,3.0,True,Haas F1 Team,1626.1,2024-06-22 10:43:24.515,1,,False,,False,True
1862.071,HUL,27,111.149,4.0,1.0,,,32.613,46.955,31.581,1783.535,1830.49,1862.071,186.0,192.0,278.0,208.0,False,HARD,4.0,True,Haas F1 Team,1750.922,2024-06-22 10:45:29.337,1,,False,,False,True
1955.476,HUL,27,93.405,5.0,1.0,,,22.697,39.347,31.361,1884.768,1924.115,1955.476,281.0,143.0,281.0,321.0,False,HARD,5.0,True,Haas F1 Team,1862.071,2024-06-22 10:47:20.486,1,,False,,False,True
2043.136,HUL,27,87.66,6.0,1.0,,,22.721,31.243,33.696,1978.197,2009.44,2043.136,284.0,262.0,221.0,,False,HARD,6.0,True,Haas F1 Team,1955.476,2024-06-22 10:48:53.891,1,,False,,False,True
2155.654,HUL,27,112.518,7.0,1.0,,2152.846,35.186,42.171,35.161,2078.322,2120.493,2155.654,140.0,204.0,,230.0,False,HARD,7.0,True,Haas F1 Team,2043.136,2024-06-22 10:50:21.551,1,,False,,False,False
2289.331,HUL,27,133.677,8.0,2.0,2181.182,,57.377,47.486,28.814,2213.031,2260.517,2289.331,153.0,99.0,280.0,190.0,False,HARD,8.0,False,Haas F1 Team,2155.654,2024-06-22 10:52:14.069,1,,False,,False,False
2385.807,HUL,27,96.476,9.0,2.0,,,22.95,42.649,30.877,2312.281,2354.93,2385.807,253.0,110.0,281.0,322.0,False,HARD,9.0,False,Haas F1 Team,2289.331,2024-06-22 10:54:27.746,1,,False,,False,True
2462.616,HUL,27,76.809,10.0,2.0,,,22.823,30.954,23.032,2408.63,2439.584,2462.616,285.0,301.0,287.0,325.0,False,HARD,10.0,False,Haas F1 Team,2385.807,2024-06-22 10:56:04.222,1,,False,,False,True
2554.034,HUL,27,91.418,11.0,2.0,,2551.322,26.086,35.586,29.746,2488.702,2524.288,2554.034,229.0,196.0,,302.0,False,HARD,11.0,False,Haas F1 Team,2462.616,2024-06-22 10:57:21.031,1,,False,,False,False
3409.669,HUL,27,,12.0,3.0,3283.452,,,48.338,30.83,,3378.932,3409.726,137.0,203.0,287.0,84.0,False,SOFT,1.0,True,Haas F1 Team,2554.034,2024-06-22 10:58:52.449,1,,False,,False,False
3483.644,HUL,27,73.975,13.0,3.0,,,22.011,29.571,22.393,3431.68,3461.251,3483.644,289.0,307.0,290.0,323.0,True,SOFT,2.0,True,Haas F1 Team,3409.669,2024-06-22 11:13:08.084,1,,False,,False,True
3606.242,HUL,27,122.598,14.0,3.0,,,37.065,47.418,38.115,3520.709,3568.127,3606.242,148.0,140.0,151.0,158.0,False,SOFT,3.0,True,Haas F1 Team,3483.644,2024-06-22 11:14:22.059,1,,False,,False,True
3737.251,HUL,27,131.009,15.0,3.0,,,44.038,54.36,32.611,3650.28,3704.64,3737.251,123.0,120.0,285.0,151.0,False,SOFT,4.0,True,Haas F1 Team,3606.242,2024-06-22 11:16:24.657,1,,False,,False,True
3811.94,HUL,27,74.689,16.0,3.0,,,22.286,29.971,22.432,3759.537,3789.508,3811.94,288.0,307.0,288.0,323.0,False,SOFT,5.0,True,Haas F1 Team,3737.251,2024-06-22 11:18:35.666,1,,False,,False,True
3898.859,HUL,27,86.919,17.0,3.0,,3895.999,25.571,32.723,28.625,3837.511,3870.234,3898.859,236.0,243.0,,304.0,False,SOFT,6.0,True,Haas F1 Team,3811.94,2024-06-22 11:19:50.355,1,,False,,False,False
4431.607,HUL,27,,18.0,4.0,4317.756,,,38.048,34.913,,4396.859,4431.65,222.0,188.0,209.0,238.0,False,SOFT,7.0,False,Haas F1 Team,3898.859,2024-06-22 11:21:17.274,1,,False,,False,False
4546.038,HUL,27,114.431,19.0,4.0,,,31.719,36.87,45.842,4463.326,4500.196,4546.038,173.0,210.0,59.0,232.0,False,SOFT,8.0,False,Haas F1 Team,4431.607,2024-06-22 11:30:10.022,1,,False,,False,True
4652.348,HUL,27,106.31,20.0,4.0,,4649.53,42.675,35.029,28.606,4588.713,4623.742,4652.348,250.0,198.0,,264.0,False,SOFT,9.0,False,Haas F1 Team,4546.038,2024-06-22 11:32:04.453,1,,False,,False,False
1812.692,OCO,31,,1.0,1.0,1705.993,,,44.205,27.381,,1785.531,1812.863,185.0,235.0,285.0,166.0,False,SOFT,1.0,True,Alpine,1705.993,2024-06-22 10:44:44.408,1,,False,,False,False
1887.203,OCO,31,74.511,2.0,1.0,,,22.17,29.801,22.54,1834.862,1864.663,1887.203,285.0,300.0,285.0,319.0,True,SOFT,2.0,True,Alpine,1812.692,2024-06-22 10:46:31.107,1,,False,,False,True
1987.317,OCO,31,100.114,3.0,1.0,,,31.092,42.429,26.593,1918.295,1960.724,1987.317,122.0,200.0,278.0,302.0,False,SOFT,3.0,True,Alpine,1887.203,2024-06-22 10:47:45.618,1,,False,,False,True
2063.932,OCO,31,76.615,4.0,1.0,,,22.948,30.691,22.976,2010.265,2040.956,2063.932,278.0,288.0,282.0,301.0,False,SOFT,4.0,True,Alpine,1987.317,2024-06-22 10:49:25.732,1,,False,,False,True
2141.347,OCO,31,77.415,5.0,1.0,,,22.89,31.254,23.271,2086.822,2118.076,2141.347,274.0,281.0,282.0,305.0,False,SOFT,5.0,True,Alpine,2063.932,2024-06-22 10:50:42.347,1,,False,,False,True
2235.767,OCO,31,94.42,6.0,1.0,,2233.036,27.313,35.526,31.581,2168.66,2204.186,2235.767,206.0,222.0,,280.0,False,SOFT,6.0,True,Alpine,2141.347,2024-06-22 10:51:59.762,1,,False,,False,False
2688.656,OCO,31,,7.0,2.0,2596.2,,,36.329,24.11,,2664.635,2688.709,183.0,250.0,280.0,139.0,False,SOFT,7.0,False,Alpine,2235.767,2024-06-22 10:53:34.182,1,,False,,False,False
2765.163,OCO,31,76.507,8.0,2.0,,,22.717,30.693,23.097,2711.373,2742.066,2765.163,282.0,286.0,277.0,302.0,False,SOFT,8.0,False,Alpine,2688.656,2024-06-22 11:01:07.071,1,,False,,False,True
2842.953,OCO,31,77.79,9.0,2.0,,,23.053,31.257,23.48,2788.216,2819.473,2842.953,274.0,283.0,283.0,299.0,False,SOFT,9.0,False,Alpine,2765.163,2024-06-22 11:02:23.578,1,,False,,False,True
2931.844,OCO,31,88.891,10.0,2.0,,2929.079,24.364,33.218,31.309,2867.317,2900.535,2931.844,238.0,256.0,,288.0,False,SOFT,10.0,False,Alpine,2842.953,2024-06-22 11:03:41.368,1,,False,,False,False
3057.357,OCO,31,125.513,11.0,3.0,2947.446,3054.621,61.699,34.412,29.402,2993.543,3027.955,3057.357,230.0,226.0,,235.0,False,SOFT,11.0,False,Alpine,2931.844,2024-06-22 11:05:10.259,1,,False,,False,False
4028.51,OCO,31,,12.0,4.0,3916.869,,,42.597,33.187,,3995.589,4028.664,182.0,223.0,290.0,134.0,False,SOFT,1.0,True,Alpine,3057.357,2024-06-22 11:07:15.772,1,,False,,False,False
4102.46,OCO,31,73.95,13.0,4.0,,,21.775,29.707,22.468,4050.285,4079.992,4102.46,289.0,305.0,286.0,324.0,True,SOFT,2.0,True,Alpine,4028.51,2024-06-22 11:23:26.925,1,,False,,False,True
4230.448,OCO,31,127.988,14.0,4.0,,4227.804,33.876,49.456,44.656,4136.336,4185.792,4230.448,184.0,115.0,,190.0,False,SOFT,3.0,True,Alpine,4102.46,2024-06-22 11:24:40.875,1,,False,,False,False
4395.913,OCO,31,,15.0,5.0,4263.582,,68.406,56.362,40.646,4299.16,4355.514,4396.116,135.0,109.0,282.0,151.0,False,SOFT,4.0,False,Alpine,4230.448,2024-06-22 11:26:48.863,1,,False,,False,False
4471.093,OCO,31,75.18,16.0,5.0,,,22.193,30.023,22.964,4418.106,4448.129,4471.093,286.0,301.0,286.0,320.0,False,SOFT,5.0,False,Alpine,4395.913,2024-06-22 11:29:34.328,1,,False,,False,True
4594.645,OCO,31,123.552,17.0,5.0,,,30.384,52.143,41.025,4501.477,4553.62,4594.645,123.0,134.0,52.0,298.0,False,SOFT,6.0,False,Alpine,4471.093,2024-06-22 11:30:49.508,1,,False,,False,True
4710.625,OCO,31,115.98,18.0,5.0,,4707.91,51.574,31.596,32.81,4646.219,4677.815,4710.625,269.0,271.0,,284.0,False,SOFT,7.0,False,Alpine,4594.645,2024-06-22 11:32:53.060,1,,False,,False,False
949.686,HAM,44,,1.0,1.0,852.221,,,39.093,29.905,,919.999,949.767,180.0,195.0,282.0,230.0,False,SOFT,1.0,True,Mercedes,852.221,2024-06-22 10:30:30.636,1,,False,,False,False
1023.864,HAM,44,74.178,2.0,1.0,,,22.226,29.599,22.353,971.912,1001.511,1023.864,287.0,306.0,285.0,315.0,True,SOFT,2.0,True,Mercedes,949.686,2024-06-22 10:32:08.101,1,,False,,False,True
1193.407,HAM,44,,3.0,1.0,,1190.378,43.859,71.876,53.808,1067.861,1139.8,1193.446,92.0,110.0,,239.0,False,SOFT,3.0,True,Mercedes,1023.864,2024-06-22 10:33:22.279,1,,False,,False,False
1341.473,HAM,44,148.066,4.0,2.0,1222.52,,72.723,44.747,30.596,1266.13,1310.877,1341.473,177.0,186.0,285.0,109.0,False,SOFT,4.0,False,Mercedes,1193.407,2024-06-22 10:36:11.822,1,,False,,False,False
1415.338,HAM,44,73.865,5.0,2.0,,,22.054,29.436,22.375,1363.527,1392.963,1415.338,286.0,304.0,285.0,318.0,True,SOFT,5.0,False,Mercedes,1341.473,2024-06-22 10:38:39.888,1,,False,,False,True
1543.196,HAM,44,127.858,6.0,2.0,,1540.384,31.542,50.412,45.904,1446.88,1497.292,1543.196,167.0,132.0,,303.0,False,SOFT,6.0,False,Mercedes,1415.338,2024-06-22 10:39:53.753,1,,False,,False,False
2017.117,HAM,44,,7.0,3.0,1914.439,,,40.177,29.721,,1987.58,2017.185,210.0,222.0,285.0,209.0,False,SOFT,7.0,False,Mercedes,1543.196,2024-06-22 10:42:01.611,1,,False,,False,False
2100.31,HAM,44,83.193,8.0,3.0,,2097.55,22.053,31.033,30.107,2039.17,2070.203,2100.31,285.0,227.0,,322.0,False,SOFT,8.0,False,Mercedes,2017.117,2024-06-22 10:49:55.532,1,,False,,False,False
2422.828,HAM,44,,9.0,4.0,2322.651,,,32.536,25.574,,2397.628,2422.828,257.0,251.0,275.0,237.0,False,SOFT,9.0,False,Mercedes,2100.31,2024-06-22 10:51:18.725,1,,False,,False,False
2501.203,HAM,44,78.375,10.0,4.0,,,23.519,31.409,23.447,2446.347,2477.756,2501.203,274.0,268.0,280.0,302.0,False,SOFT,10.0,False,Mercedes,2422.828,2024-06-22 10:56:41.243,1,,False,,False,True
2580.364,HAM,44,79.161,11.0,4.0,,,23.803,31.709,23.649,2525.006,2556.715,2580.364,271.0,268.0,278.0,301.0,False,SOFT,11.0,False,Mercedes,2501.203,2024-06-22 10:57:59.618,1,,False,,False,True
2658.602,HAM,44,78.238,12.0,4.0,,,23.408,31.338,23.492,2603.772,2635.11,2658.602,272.0,270.0,280.0,303.0,False,SOFT,12.0,False,Mercedes,2580.364,2024-06-22 10:59:18.779,1,,False,,False,True
2737.056,HAM,44,78.454,13.0,4.0,,,23.316,31.353,23.785,2681.918,2713.271,2737.056,273.0,273.0,283.0,306.0,False,SOFT,13.0,False,Mercedes,2658.602,2024-06-22 11:00:37.017,1,,False,,False,True
2815.69,HAM,44,78.634,14.0,4.0,,,23.283,31.697,23.654,2760.339,2792.036,2815.69,281.0,273.0,282.0,315.0,False,SOFT,14.0,False,Mercedes,2737.056,2024-06-22 11:01:55.471,1,,False,,False,True
2894.507,HAM,44,78.817,15.0,4.0,,,23.391,31.631,23.795,2839.081,2870.712,2894.507,276.0,274.0,281.0,306.0,False,SOFT,15.0,False,Mercedes,2815.69,2024-06-22 11:03:14.105,1,,False,,False,True
2973.344,HAM,44,78.837,16.0,4.0,,,23.287,31.789,23.761,2917.794,2949.583,2973.344,281.0,277.0,280.0,302.0,False,SOFT,16.0,False,Mercedes,2894.507,2024-06-22 11:04:32.922,1,,False,,False,True
3060.905,HAM,44,87.561,17.0,4.0,,3058.03,26.306,33.394,27.861,2999.65,3033.044,3060.905,215.0,250.0,,284.0,False,SOFT,17.0,False,Mercedes,2973.344,2024-06-22 11:05:51.759,1,,False,,False,False
3623.104,HAM,44,,18.0,5.0,3527.768,,,37.12,28.279,,3595.001,3623.262,229.0,210.0,289.0,202.0,False,SOFT,1.0,True,Mercedes,3060.905,2024-06-22 11:07:19.320,1,,False,,False,False
3696.463,HAM,44,73.359,19.0,5.0,,,21.814,29.246,22.299,3644.918,3674.164,3696.463,291.0,306.0,290.0,322.0,True,SOFT,2.0,True,Mercedes,3623.104,2024-06-22 11:16:41.519,1,,False,,False,True
3849.945,HAM,44,,20.0,5.0,,3846.585,37.911,65.9,49.522,3734.611,3800.423,3849.984,131.0,112.0,,175.0,False,SOFT,3.0,True,Mercedes,3696.463,2024-06-22 11:17:54.878,1,,False,,False,False
4024.085,HAM,44,,21.0,6.0,3888.886,,89.389,48.121,36.758,3939.484,3987.618,4024.11,127.0,167.0,287.0,91.0,False,SOFT,4.0,False,Mercedes,3849.945,2024-06-22 11:20:28.360,1,,False,,False,False
4098.974,HAM,44,74.889,22.0,6.0,,,21.885,29.571,23.433,4045.97,4075.541,4098.974,290.0,308.0,246.0,323.0,False,SOFT,5.0,False,Mercedes,4024.085,2024-06-22 11:23:22.500,1,,False,,False,True
4203.217,HAM,44,104.243,23.0,6.0,,4200.114,31.131,38.511,34.601,4130.105,4168.616,4203.217,185.0,185.0,,219.0,False,SOFT,6.0,False,Mercedes,4098.974,2024-06-22 11:24:37.389,1,,False,,False,False
4511.201,HAM,44,,24.0,7.0,4390.655,,,35.728,27.501,,4483.858,4511.201,244.0,160.0,263.0,220.0,False,SOFT,7.0,False,Mercedes,4203.217,2024-06-22 11:26:21.632,1,,False,,False,False
4643.974,HAM,44,132.773,25.0,7.0,,,26.526,42.806,63.441,4537.727,4580.533,4643.974,177.0,179.0,37.0,309.0,False,SOFT,8.0,False,Mercedes,4511.201,2024-06-22 11:31:29.616,1,,False,,False,True
4773.704,HAM,44,129.73,26.0,7.0,,4770.794,59.018,35.104,35.608,4702.992,4738.096,4773.704,282.0,226.0,,275.0,False,SOFT,9.0,False,Mercedes,4643.974,2024-06-22 11:33:42.389,1,,False,,False,False
1542.813,SAI,55,,1.0,1.0,1426.287,,,39.412,34.997,,1508.041,1542.89,205.0,242.0,290.0,103.0,False,SOFT,1.0,True,Ferrari,1426.287,2024-06-22 10:40:04.702,1,,False,,False,False
1616.349,SAI,55,73.536,2.0,1.0,,,21.703,29.559,22.274,1564.516,1594.075,1616.349,288.0,305.0,290.0,326.0,True,SOFT,2.0,True,Ferrari,1542.813,2024-06-22 10:42:01.228,1,,False,,False,True
1736.273,SAI,55,119.924,3.0,1.0,,1733.471,41.646,42.508,35.77,1657.995,1700.503,1736.273,141.0,188.0,,130.0,False,SOFT,3.0,True,Ferrari,1616.349,2024-06-22 10:43:14.764,1,,False,,False,False
2049.636,SAI,55,,4.0,2.0,1928.848,,,49.002,33.897,,2015.985,2049.636,210.0,174.0,290.0,192.0,False,SOFT,4.0,False,Ferrari,1736.273,2024-06-22 10:45:14.688,1,,False,,False,False
2123.63,SAI,55,73.994,5.0,2.0,,,21.858,29.83,22.306,2071.494,2101.324,2123.63,286.0,304.0,289.0,327.0,False,SOFT,5.0,False,Ferrari,2049.636,2024-06-22 10:50:28.051,1,,False,,False,True
2229.324,SAI,55,105.694,6.0,2.0,,2226.618,32.102,39.754,33.838,2155.732,2195.486,2229.324,212.0,195.0,,152.0,False,SOFT,6.0,False,Ferrari,2123.63,2024-06-22 10:51:42.045,1,,False,,False,False
2912.241,SAI,55,,7.0,3.0,2816.768,,,34.307,24.972,,2887.407,2912.241,234.0,258.0,277.0,238.0,False,SOFT,7.0,False,Ferrari,2229.324,2024-06-22 10:53:27.739,1,,False,,False,False
2990.504,SAI,55,78.263,8.0,3.0,,,23.561,31.331,23.371,2935.802,2967.133,2990.504,277.0,284.0,278.0,296.0,False,SOFT,8.0,False,Ferrari,2912.241,2024-06-22 11:04:50.656,1,,False,,False,True
3068.964,SAI,55,78.46,9.0,3.0,,,23.624,31.411,23.425,3014.128,3045.539,3068.964,272.0,273.0,275.0,,False,SOFT,9.0,False,Ferrari,2990.504,2024-06-22 11:06:08.919,1,,False,,False,True
3147.158,SAI,55,78.194,10.0,3.0,,,23.46,31.26,23.474,3092.424,3123.684,3147.158,278.0,280.0,278.0,,False,SOFT,10.0,False,Ferrari,3068.964,2024-06-22 11:07:27.379,1,,False,,False,True
3225.29,SAI,55,78.132,11.0,3.0,,,23.332,31.215,23.585,3170.49,3201.705,3225.29,,285.0,279.0,299.0,False,SOFT,11.0,False,Ferrari,3147.158,2024-06-22 11:08:45.573,1,,False,,False,True
3307.005,SAI,55,81.715,12.0,3.0,,3304.26,23.312,31.227,27.176,3248.602,3279.829,3307.005,279.0,284.0,,296.0,False,SOFT,12.0,False,Ferrari,3225.29,2024-06-22 11:10:03.705,1,,False,,False,False
3891.131,SAI,55,,13.0,4.0,3783.787,,,39.93,28.092,,3863.18,3891.197,237.0,236.0,289.0,112.0,False,SOFT,1.0,True,Ferrari,3307.005,2024-06-22 11:11:25.420,1,,False,,False,False
3964.144,SAI,55,73.013,14.0,4.0,,,21.771,29.275,21.967,3912.902,3942.177,3964.144,290.0,308.0,291.0,322.0,True,SOFT,2.0,True,Ferrari,3891.131,2024-06-22 11:21:09.546,1,,False,,False,True
4073.938,SAI,55,109.794,15.0,4.0,,4071.234,30.129,42.42,37.245,3994.273,4036.693,4073.938,173.0,183.0,,268.0,False,SOFT,3.0,True,Ferrari,3964.144,2024-06-22 11:22:22.559,1,,False,,False,False
4390.666,SAI,55,,16.0,5.0,4237.586,,,53.462,41.223,,4349.622,4390.777,119.0,235.0,288.0,226.0,False,SOFT,4.0,False,Ferrari,4073.938,2024-06-22 11:24:12.353,1,,False,,False,False
4473.256,SAI,55,82.59,17.0,5.0,,,21.855,30.199,30.536,4412.521,4442.72,4473.256,290.0,178.0,240.0,325.0,False,SOFT,5.0,False,Ferrari,4390.666,2024-06-22 11:29:29.081,1,,False,,False,True
4601.444,SAI,55,128.188,18.0,5.0,,,34.327,49.093,44.768,4507.583,4556.676,4601.444,151.0,145.0,51.0,219.0,False,SOFT,6.0,False,Ferrari,4473.256,2024-06-22 11:30:51.671,1,,False,,False,True
4716.058,SAI,55,114.614,19.0,5.0,,4713.331,49.285,33.563,31.766,4650.729,4684.292,4716.058,201.0,259.0,,283.0,False,SOFT,7.0,False,Ferrari,4601.444,2024-06-22 11:32:59.859,1,,False,,False,False
1487.021,RUS,63,,1.0,1.0,1386.236,,,40.577,28.306,,1459.023,1487.623,200.0,227.0,285.0,155.0,False,SOFT,1.0,True,Mercedes,1386.236,2024-06-22 10:39:24.651,1,,False,,False,False
1560.452,RUS,63,73.431,2.0,1.0,,,21.836,29.538,22.057,1508.857,1538.395,1560.452,287.0,298.0,291.0,322.0,True,SOFT,2.0,True,Mercedes,1487.021,2024-06-22 10:41:05.436,1,,False,,False,True
1689.44,RUS,63,128.988,3.0,1.0,,1686.735,38.654,49.85,40.484,1599.106,1648.956,1689.44,178.0,204.0,,162.0,False,SOFT,3.0,True,Mercedes,1560.452,2024-06-22 10:42:18.867,1,,False,,False,False
2060.674,RUS,63,,4.0,2.0,1947.005,,,43.875,36.661,,2024.186,2060.706,196.0,207.0,286.0,160.0,False,SOFT,4.0,False,Mercedes,1689.44,2024-06-22 10:44:27.855,1,,False,,False,False
2144.723,RUS,63,84.049,5.0,2.0,,2143.3,21.81,29.633,32.606,2082.484,2112.117,2144.723,287.0,303.0,,323.0,False,SOFT,5.0,False,Mercedes,2060.674,2024-06-22 10:50:39.089,1,,False,,False,False
2539.218,RUS,63,,6.0,3.0,2439.558,,,32.023,23.66,,2515.706,2539.29,254.0,268.0,290.0,237.0,False,SOFT,6.0,False,Mercedes,2144.723,2024-06-22 10:52:03.138,1,,False,,False,False
2616.054,RUS,63,76.836,7.0,3.0,,,22.686,31.036,23.114,2561.904,2592.94,2616.054,264.0,271.0,283.0,326.0,False,SOFT,7.0,False,Mercedes,2539.218,2024-06-22 10:58:37.633,1,,False,,False,True
2693.311,RUS,63,77.257,8.0,3.0,,,23.123,30.984,23.15,2639.177,2670.161,2693.311,273.0,272.0,283.0,301.0,False,SOFT,8.0,False,Mercedes,2616.054,2024-06-22 10:59:54.469,1,,False,,False,True
2770.53,RUS,63,77.219,9.0,3.0,,,23.152,30.877,23.19,2716.463,2747.34,2770.53,275.0,275.0,283.0,303.0,False,SOFT,9.0,False,Mercedes,2693.311,2024-06-22 11:01:11.726,1,,False,,False,True
2848.423,RUS,63,77.893,10.0,3.0,,,23.35,31.108,23.435,2793.88,2824.988,2848.423,274.0,278.0,282.0,301.0,False,SOFT,10.0,False,Mercedes,2770.53,2024-06-22 11:02:28.945,1,,False,,False,True
2926.204,RUS,63,77.781,11.0,3.0,,,23.152,31.108,23.521,2871.575,2902.683,2926.204,,292.0,283.0,304.0,False,SOFT,11.0,False,Mercedes,2848.423,2024-06-22 11:03:46.838,1,,False,,False,True
3003.589,RUS,63,77.385,12.0,3.0,,,22.96,31.046,23.379,2949.164,2980.21,3003.589,275.0,280.0,284.0,303.0,False,SOFT,12.0,False,Mercedes,2926.204,2024-06-22 11:05:04.619,1,,False,,False,True
3081.199,RUS,63,77.61,13.0,3.0,,,23.107,31.091,23.412,3026.696,3057.787,3081.199,,279.0,283.0,302.0,False,SOFT,13.0,False,Mercedes,3003.589,2024-06-22 11:06:22.004,1,,False,,False,True
3171.584,RUS,63,90.385,14.0,3.0,,3168.75,25.905,34.299,30.181,3107.104,3141.403,3171.584,214.0,237.0,,245.0,False,SOFT,14.0,False,Mercedes,3081.199,2024-06-22 11:07:39.614,1,,False,,False,False
3766.213,RUS,63,,15.0,4.0,3664.495,,,39.845,28.613,,3737.889,3766.429,208.0,236.0,286.0,140.0,False,SOFT,1.0,True,Mercedes,3171.584,2024-06-22 11:09:09.999,1,,False,,False,False
3839.377,RUS,63,73.164,16.0,4.0,,,21.766,29.279,22.119,3787.979,3817.258,3839.377,291.0,307.0,290.0,321.0,True,SOFT,2.0,True,Mercedes,3766.213,2024-06-22 11:19:04.628,1,,False,,False,True
3940.453,RUS,63,101.076,17.0,4.0,,3937.776,35.598,36.236,29.242,3874.975,3911.211,3940.453,215.0,231.0,,145.0,False,SOFT,3.0,True,Mercedes,3839.377,2024-06-22 11:20:17.792,1,,False,,False,False
4503.801,RUS,63,,18.0,5.0,4375.378,,,39.991,32.019,,4471.825,4503.857,197.0,206.0,209.0,223.0,False,SOFT,4.0,False,Mercedes,3940.453,2024-06-22 11:21:58.868,1,,False,,False,False
4630.252,RUS,63,126.451,19.0,5.0,,,31.433,41.533,53.485,4535.234,4576.767,4630.252,213.0,197.0,55.0,253.0,False,SOFT,5.0,False,Mercedes,4503.801,2024-06-22 11:31:22.216,1,,False,,False,True
4745.721,RUS,63,115.469,20.0,5.0,,4742.869,50.958,32.191,32.32,4681.21,4713.401,4745.721,263.0,247.0,,281.0,False,SOFT,6.0,False,Mercedes,4630.252,2024-06-22 11:33:28.667,1,,False,,False,False
1999.796,BOT,77,,1.0,1.0,1903.068,,,40.146,25.924,,1974.073,2000.029,201.0,250.0,280.0,173.0,False,MEDIUM,1.0,True,Kick Sauber,1903.068,2024-06-22 10:48:01.483,1,,False,,False,False
2074.77,BOT,77,74.974,2.0,1.0,,,22.474,29.996,22.504,2022.27,2052.266,2074.77,283.0,299.0,285.0,320.0,True,MEDIUM,2.0,True,Kick Sauber,1999.796,2024-06-22 10:49:38.211,1,,False,,False,True
2194.613,BOT,77,119.843,3.0,1.0,,2191.884,32.426,48.865,38.552,2107.196,2156.061,2194.613,163.0,175.0,,237.0,False,MEDIUM,3.0,True,Kick Sauber,2074.77,2024-06-22 10:50:53.185,1,,False,,False,False
2314.114,BOT,77,119.501,4.0,2.0,2208.673,,46.166,44.511,28.824,2240.779,2285.29,2314.114,200.0,197.0,280.0,165.0,False,MEDIUM,4.0,False,Kick Sauber,2194.613,2024-06-22 10:52:53.028,1,,False,,False,False
2389.896,BOT,77,75.782,5.0,2.0,,,22.439,30.289,23.054,2336.553,2366.842,2389.896,284.0,301.0,285.0,320.0,False,MEDIUM,5.0,False,Kick Sauber,2314.114,2024-06-22 10:54:52.529,1,,False,,False,True
2493.412,BOT,77,103.516,6.0,2.0,,,29.079,44.659,29.778,2418.975,2463.634,2493.412,189.0,128.0,277.0,285.0,False,MEDIUM,6.0,False,Kick Sauber,2389.896,2024-06-22 10:56:08.311,1,,False,,False,True
2571.338,BOT,77,77.926,7.0,2.0,,,23.237,31.247,23.442,2516.649,2547.896,2571.338,274.0,280.0,277.0,301.0,False,MEDIUM,7.0,False,Kick Sauber,2493.412,2024-06-22 10:57:51.827,1,,False,,False,True
2649.165,BOT,77,77.827,8.0,2.0,,,23.156,31.201,23.47,2594.494,2625.695,2649.165,276.0,281.0,280.0,,False,MEDIUM,8.0,False,Kick Sauber,2571.338,2024-06-22 10:59:09.753,1,,False,,False,True
2727.109,BOT,77,77.944,9.0,2.0,,,23.043,31.343,23.558,2672.208,2703.551,2727.109,279.0,284.0,281.0,311.0,False,MEDIUM,9.0,False,Kick Sauber,2649.165,2024-06-22 11:00:27.580,1,,False,,False,True
2805.248,BOT,77,78.139,10.0,2.0,,,23.118,31.446,23.575,2750.227,2781.673,2805.248,276.0,282.0,279.0,306.0,False,MEDIUM,10.0,False,Kick Sauber,2727.109,2024-06-22 11:01:45.524,1,,False,,False,True
2884.017,BOT,77,78.769,11.0,2.0,,,23.415,31.392,23.962,2828.663,2860.055,2884.017,277.0,280.0,277.0,304.0,False,MEDIUM,11.0,False,Kick Sauber,2805.248,2024-06-22 11:03:03.663,1,,False,,False,True
2990.203,BOT,77,106.186,12.0,2.0,,2987.567,28.628,42.893,34.665,2912.645,2955.538,2990.203,211.0,135.0,,274.0,False,MEDIUM,12.0,False,Kick Sauber,2884.017,2024-06-22 11:04:22.432,1,,False,,False,False
4033.657,BOT,77,,13.0,3.0,3926.876,,,44.183,28.625,,4005.293,4033.744,211.0,201.0,286.0,136.0,False,SOFT,1.0,True,Kick Sauber,2990.203,2024-06-22 11:06:08.618,1,,False,,False,False
4107.681,BOT,77,74.024,14.0,3.0,,,21.867,29.6,22.557,4055.524,4085.124,4107.681,289.0,306.0,286.0,325.0,True,SOFT,2.0,True,Kick Sauber,4033.657,2024-06-22 11:23:32.072,1,,False,,False,True
4239.901,BOT,77,132.22,15.0,3.0,,4237.079,35.222,53.006,43.992,4142.903,4195.909,4239.901,147.0,140.0,,236.0,False,SOFT,3.0,True,Kick Sauber,4107.681,2024-06-22 11:24:46.096,1,,False,,False,False
4384.267,BOT,77,144.366,16.0,4.0,4253.835,,48.988,56.928,38.45,4288.889,4345.817,4384.267,133.0,192.0,286.0,197.0,False,SOFT,4.0,False,Kick Sauber,4239.901,2024-06-22 11:26:58.316,1,,False,,False,False
4486.609,BOT,77,102.342,17.0,4.0,,,22.163,34.226,45.953,4406.43,4440.656,4486.609,287.0,213.0,246.0,323.0,False,SOFT,5.0,False,Kick Sauber,4384.267,2024-06-22 11:29:22.682,1,,False,,False,True
4598.495,BOT,77,111.886,18.0,4.0,,,33.213,37.095,41.578,4519.822,4556.917,4598.495,205.0,218.0,53.0,205.0,False,SOFT,6.0,False,Kick Sauber,4486.609,2024-06-22 11:31:05.024,1,,False,,False,True
4718.478,BOT,77,119.983,19.0,4.0,,4715.732,56.221,32.606,31.156,4654.716,4687.322,4718.478,273.0,232.0,,285.0,False,SOFT,7.0,False,Kick Sauber,4598.495,2024-06-22 11:32:56.910,1,,False,,False,False
1883.945,PIA,81,,1.0,1.0,1770.648,,,38.85,28.906,,1855.323,1884.17,205.0,252.0,286.0,188.0,False,MEDIUM,1.0,True,McLaren,1770.648,2024-06-22 10:45:49.063,1,,False,,False,False
1958.46,PIA,81,74.515,2.0,1.0,,,22.062,29.794,22.659,1906.007,1935.801,1958.46,286.0,302.0,281.0,317.0,True,MEDIUM,2.0,True,McLaren,1883.945,2024-06-22 10:47:42.360,1,,False,,False,True
2076.594,PIA,81,118.134,3.0,1.0,,2073.949,36.88,45.465,35.789,1995.34,2040.805,2076.594,159.0,125.0,,148.0,False,MEDIUM,3.0,True,McLaren,1958.46,2024-06-22 10:48:56.875,1,,False,,False,False
2200.317,PIA,81,123.723,4.0,2.0,2099.273,,55.302,40.344,28.077,2131.896,2172.24,2200.317,173.0,243.0,283.0,175.0,False,MEDIUM,4.0,False,McLaren,2076.594,2024-06-22 10:50:55.009,1,,False,,False,False
2275.568,PIA,81,75.251,5.0,2.0,,,22.404,30.279,22.568,2222.721,2253.0,2275.568,281.0,301.0,283.0,315.0,False,MEDIUM,5.0,False,McLaren,2200.317,2024-06-22 10:52:58.732,1,,False,,False,True
2365.285,PIA,81,89.717,6.0,2.0,,2362.586,26.134,34.435,29.148,2301.702,2336.137,2365.285,219.0,231.0,,299.0,False,MEDIUM,6.0,False,McLaren,2275.568,2024-06-22 10:54:13.983,1,,False,,False,False
3267.235,PIA,81,,7.0,3.0,3165.12,,,39.044,27.783,,3239.629,3267.363,204.0,257.0,287.0,115.0,False,SOFT,1.0,True,McLaren,2365.285,2024-06-22 10:55:43.700,1,,False,,False,False
3372.871,PIA,81,105.636,8.0,3.0,,,27.994,48.88,28.762,3295.229,3344.109,3372.871,164.0,154.0,289.0,316.0,False,SOFT,2.0,True,McLaren,3267.235,2024-06-22 11:10:45.650,1,,False,,False,True
3446.778,PIA,81,73.907,9.0,3.0,,,21.934,29.374,22.599,3394.805,3424.179,3446.778,286.0,305.0,283.0,313.0,True,SOFT,3.0,True,McLaren,3372.871,2024-06-22 11:12:31.286,1,,False,,False,True
3542.644,PIA,81,95.866,10.0,3.0,,3539.97,28.656,35.554,31.656,3475.434,3510.988,3542.644,204.0,213.0,,268.0,False,SOFT,4.0,True,McLaren,3446.778,2024-06-22 11:13:45.193,1,,False,,False,False
3651.834,PIA,81,109.19,11.0,4.0,3562.446,3649.055,46.22,32.753,30.217,3588.864,3621.617,3651.834,225.0,232.0,,208.0,False,MEDIUM,7.0,False,McLaren,3542.644,2024-06-22 11:15:21.059,1,,False,,False,False
4481.323,PIA,81,,12.0,5.0,4366.812,,,39.855,32.675,,4448.758,4481.417,252.0,89.0,258.0,244.0,False,SOFT,5.0,False,McLaren,3651.834,2024-06-22 11:17:10.249,1,,False,,False,False
4588.388,PIA,81,107.065,13.0,5.0,,,27.115,39.834,40.116,4508.438,4548.272,4588.388,173.0,237.0,89.0,284.0,False,SOFT,6.0,False,McLaren,4481.323,2024-06-22 11:30:59.738,1,,False,,False,True
4697.029,PIA,81,108.641,14.0,5.0,,4694.171,48.293,33.195,27.153,4636.681,4669.876,4697.029,159.0,230.0,,275.0,False,SOFT,7.0,False,McLaren,4588.388,2024-06-22 11:32:46.803,1,,False,,False,False
