Time,AirTemp,Humidity,Pressure,Rainfall,TrackTemp,WindDirection,WindSpeed
21.665,20.8,62.0,969.2,False,32.8,331,1.8
81.649,20.8,63.0,969.0,False,31.9,318,2.3
141.69,20.7,63.0,969.1,False,31.8,307,1.3
201.707,20.6,63.0,969.1,False,31.6,323,1.8
261.707,20.6,63.0,969.0,False,31.5,1,1.4
321.723,20.7,64.0,969.1,False,31.0,284,1.0
381.739,20.7,64.0,969.0,False,31.0,315,1.4
441.738,20.9,64.0,969.0,False,31.0,314,1.8
501.721,21.0,64.0,969.1,False,31.1,321,1.9
561.737,20.9,64.0,968.9,False,32.0,318,1.3
621.738,20.9,64.0,969.0,False,33.1,0,0.5
681.726,21.0,64.0,969.1,False,33.2,208,1.2
741.743,21.0,64.0,969.0,False,33.9,292,0.9
801.738,21.1,64.0,969.0,False,34.6,5,0.5
861.739,21.3,62.0,969.0,False,34.6,334,1.4
921.754,21.3,61.0,969.0,False,34.8,85,0.5
981.77,21.2,61.0,969.0,False,35.2,3,0.5
1041.78,21.2,61.0,969.1,False,35.4,0,0.4
1101.784,21.0,58.0,969.0,False,35.8,155,0.7
1161.8,21.0,58.0,969.0,False,35.8,164,1.1
1221.796,21.0,60.0,969.1,False,35.8,0,0.5
1281.796,21.0,58.0,969.0,False,36.1,122,0.7
1341.796,21.1,57.0,969.0,False,36.6,347,0.6
1401.774,21.1,57.0,969.0,False,36.4,303,1.3
1461.786,20.9,58.0,969.1,False,36.4,326,1.3
1521.799,20.9,57.0,969.0,False,37.0,322,2.1
1581.805,20.9,59.0,969.1,False,37.0,309,1.6
1641.801,21.0,58.0,969.1,False,37.4,352,1.2
1701.786,20.9,58.0,969.0,False,37.4,334,0.7
1761.806,20.9,58.0,969.0,False,37.0,297,1.0
1821.791,20.9,58.0,969.0,False,35.7,203,1.1
1881.801,20.7,60.0,968.9,False,34.7,220,1.3
1941.801,20.8,62.0,969.0,False,34.6,299,0.7
2001.807,20.8,63.0,969.0,False,34.2,4,0.7
2061.804,20.8,63.0,968.9,False,34.2,312,1.4
2121.808,20.9,63.0,969.0,False,33.8,350,1.5
2181.808,20.9,63.0,969.0,False,33.8,336,1.8
2241.793,20.9,63.0,969.0,False,33.5,273,0.9
2301.811,21.0,64.0,969.0,False,33.9,339,0.7
2361.838,21.0,65.0,969.1,False,34.5,0,0.9
2421.848,21.0,63.0,969.1,False,34.9,294,1.2
2481.861,21.0,63.0,969.1,False,35.0,337,1.6
2541.885,20.9,63.0,969.0,False,34.7,335,1.0
2601.871,21.0,63.0,969.0,False,34.2,316,2.3
2661.888,21.0,63.0,969.1,False,33.5,350,1.8
2721.907,20.9,64.0,969.0,False,33.4,358,1.4
2781.896,20.9,64.0,969.1,False,33.4,331,1.3
2841.892,20.9,64.0,969.1,False,33.4,337,0.9
2901.892,20.9,63.0,969.0,False,33.5,10,1.2
2961.893,20.9,64.0,969.1,False,33.5,306,0.6
3021.898,20.9,64.0,969.1,False,33.0,194,1.0
3081.913,20.7,64.0,969.1,False,32.8,324,0.9
3141.91,20.7,64.0,969.1,False,32.8,305,1.0
3201.916,20.8,64.0,969.1,False,33.5,172,1.0
3261.929,20.8,63.0,969.0,False,34.8,180,1.2
3321.95,20.9,63.0,969.1,False,35.2,127,1.2
3381.951,21.0,63.0,969.0,False,35.5,155,1.3
3441.974,21.1,62.0,969.0,False,35.8,190,2.1
3501.976,21.0,63.0,969.0,False,35.9,163,0.8
3561.984,21.0,62.0,969.0,False,36.2,161,1.6
3621.991,21.0,62.0,969.0,False,36.5,24,0.7
3682.002,20.9,62.0,969.0,False,36.5,0,0.5
3741.976,20.9,62.0,969.1,False,37.1,176,0.6
3802.0,20.9,60.0,969.0,False,37.2,359,1.7
3861.996,20.9,59.0,969.0,False,37.6,328,1.1
3922.015,21.0,59.0,969.0,False,37.9,290,1.3
3982.017,21.0,60.0,969.0,False,38.3,3,1.8
4042.031,21.0,58.0,969.0,False,38.3,63,1.1
4102.031,21.0,59.0,968.9,False,38.1,293,1.2
4162.033,21.0,59.0,969.0,False,37.9,202,1.8
4222.03,21.0,59.0,969.0,False,38.3,160,1.5
4282.035,20.9,57.0,969.0,False,38.3,137,1.3
4342.018,20.9,56.0,969.0,False,38.3,255,1.3
4402.029,20.9,57.0,969.0,False,38.5,0,0.0
4462.072,21.0,58.0,969.0,False,38.5,0,0.0
4522.087,21.0,58.0,969.0,False,38.5,212,0.6
4582.076,21.1,56.0,969.0,False,38.5,355,1.3
4642.069,21.2,56.0,969.0,False,38.0,277,1.4
4702.07,21.2,57.0,969.0,False,38.8,258,1.1
4762.077,21.2,55.0,969.1,False,38.9,276,1.3
