DriverNumber,BroadcastName,Abbreviation,DriverId,TeamName,TeamColor,TeamId,FirstName,LastName,FullName,HeadshotUrl,CountryCode,Position,ClassifiedPosition,GridPosition,Q1,Q2,Q3,Time,Status,Points,Laps
1,L NORRIS,NOR,norris,McLaren,F47600,mclaren,Lando,Norris,Lando Norris,https://media.formula1.com/d_driver_fallback_image.png/content/dam/fom-website/drivers/L/LANNOR01_Lando_Norris/lannor01.png.transform/1col/image.png,,1.0,1,1.0,,,,5996.18,Finished,25.0,70.0
3,M VERSTAPPEN,VER,max_verstappen,Red Bull Racing,4781D7,red_bull,Max,Verstappen,Max Verstappen,https://media.formula1.com/d_driver_fallback_image.png/content/dam/fom-website/drivers/M/MAXVER01_Max_Verstappen/maxver01.png.transform/1col/image.png,,2.0,2,4.0,,,,15.08,Finished,18.0,70.0
12,K ANTONELLI,ANT,antonelli,Mercedes,00D7B6,mercedes,Kimi,Antonelli,Kimi Antonelli,https://media.formula1.com/d_driver_fallback_image.png/content/dam/fom-website/drivers/K/ANDANT01_Kimi_Antonelli/andant01.png.transform/1col/image.png,,3.0,3,7.0,,,,18.728,Finished,15.0,70.0
16,C LECLERC,LEC,leclerc,Ferrari,ED1131,ferrari,Charles,Leclerc,Charles Leclerc,https://media.formula1.com/d_driver_fallback_image.png/content/dam/fom-website/drivers/C/CHALEC01_Charles_Leclerc/chalec01.png.transform/1col/image.png,,4.0,4,2.0,,,,23.84,Finished,12.0,70.0
44,L HAMILTON,HAM,hamilton,Ferrari,ED1131,ferrari,Lewis,Hamilton,Lewis Hamilton,https://media.formula1.com/d_driver_fallback_image.png/content/dam/fom-website/drivers/L/LEWHAM01_Lewis_Hamilton/lewham01.png.transform/1col/image.png,,5.0,5,5.0,,,,24.54,Finished,10.0,70.0
6,I HADJAR,HAD,hadjar,Red Bull Racing,4781D7,red_bull,Isack,Hadjar,Isack Hadjar,https://media.formula1.com/d_driver_fallback_image.png/content/dam/fom-website/drivers/I/ISAHAD01_Isack_Hadjar/isahad01.png.transform/1col/image.png,,6.0,6,8.0,,,,55.488,Finished,8.0,70.0
63,G RUSSELL,RUS,russell,Mercedes,00D7B6,mercedes,George,Russell,George Russell,https://media.formula1.com/d_driver_fallback_image.png/content/dam/fom-website/drivers/G/GEORUS01_George_Russell/georus01.png.transform/1col/image.png,,7.0,7,6.0,,,,57.503,Finished,6.0,70.0
30,L LAWSON,LAW,lawson,Racing Bulls,6C98FF,rb,Liam,Lawson,Liam Lawson,https://media.formula1.com/d_driver_fallback_image.png/content/dam/fom-website/drivers/L/LIALAW01_Liam_Lawson/lialaw01.png.transform/1col/image.png,,8.0,8,11.0,,,,28.033,Lapped,4.0,69.0
27,N HULKENBERG,HUL,hulkenberg,Audi,F50537,audi,Nico,Hulkenberg,Nico Hulkenberg,https://media.formula1.com/d_driver_fallback_image.png/content/dam/fom-website/drivers/N/NICHUL01_Nico_Hulkenberg/nichul01.png.transform/1col/image.png,,9.0,9,10.0,,,,30.382,Lapped,2.0,69.0
41,A LINDBLAD,LIN,arvid_lindblad,Racing Bulls,6C98FF,rb,Arvid,Lindblad,Arvid Lindblad,https://media.formula1.com/d_driver_fallback_image.png/content/dam/fom-website/drivers/A/ARVLIN01_Arvid_Lindblad/arvlin01.png.transform/1col/image.png,,10.0,10,9.0,,,,51.05,Lapped,1.0,69.0
5,G BORTOLETO,BOR,bortoleto,Audi,F50537,audi,Gabriel,Bortoleto,Gabriel Bortoleto,https://media.formula1.com/d_driver_fallback_image.png/content/dam/fom-website/drivers/G/GABBOR01_Gabriel_Bortoleto/gabbor01.png.transform/1col/image.png,,11.0,11,14.0,,,,52.028,Lapped,0.0,69.0
10,P GASLY,GAS,gasly,Alpine,00A1E8,alpine,Pierre,Gasly,Pierre Gasly,https://media.formula1.com/d_driver_fallback_image.png/content/dam/fom-website/drivers/P/PIEGAS01_Pierre_Gasly/piegas01.png.transform/1col/image.png,,12.0,12,12.0,,,,53.429,Lapped,0.0,69.0
18,L STROLL,STR,stroll,Aston Martin,229971,aston_martin,Lance,Stroll,Lance Stroll,https://media.formula1.com/d_driver_fallback_image.png/content/dam/fom-website/drivers/L/LANSTR01_Lance_Stroll/lanstr01.png.transform/1col/image.png,,13.0,13,20.0,,,,63.828,Lapped,0.0,69.0
14,F ALONSO,ALO,alonso,Aston Martin,229971,aston_martin,Fernando,Alonso,Fernando Alonso,https://media.formula1.com/d_driver_fallback_image.png/content/dam/fom-website/drivers/F/FERALO01_Fernando_Alonso/feralo01.png.transform/1col/image.png,,14.0,14,16.0,,,,66.052,Lapped,0.0,69.0
43,F COLAPINTO,COL,colapinto,Alpine,00A1E8,alpine,Franco,Colapinto,Franco Colapinto,https://media.formula1.com/d_driver_fallback_image.png/content/dam/fom-website/drivers/F/FRACOL01_Franco_Colapinto/fracol01.png.transform/1col/image.png,,15.0,15,13.0,,,,3.876,Lapped,0.0,68.0
31,E OCON,OCO,ocon,Haas F1 Team,9C9FA2,haas,Esteban,Ocon,Esteban Ocon,https://media.formula1.com/d_driver_fallback_image.png/content/dam/fom-website/drivers/E/ESTOCO01_Esteban_Ocon/estoco01.png.transform/1col/image.png,,16.0,16,15.0,,,,12.859,Lapped,0.0,68.0
23,A ALBON,ALB,albon,Williams,1868DB,williams,Alexander,Albon,Alexander Albon,https://media.formula1.com/d_driver_fallback_image.png/content/dam/fom-website/drivers/A/ALEALB01_Alexander_Albon/alealb01.png.transform/1col/image.png,,17.0,17,19.0,,,,52.729,Lapped,0.0,68.0
55,C SAINZ,SAI,sainz,Williams,1868DB,williams,Carlos,Sainz,Carlos Sainz,https://media.formula1.com/d_driver_fallback_image.png/content/dam/fom-website/drivers/C/CARSAI01_Carlos_Sainz/carsai01.png.transform/1col/image.png,,18.0,18,18.0,,,,52.973,Lapped,0.0,68.0
87,O BEARMAN,BEA,bearman,Haas F1 Team,9C9FA2,haas,Oliver,Bearman,Oliver Bearman,https://media.formula1.com/d_driver_fallback_image.png/content/dam/fom-website/drivers/O/OLIBEA01_Oliver_Bearman/olibea01.png.transform/1col/image.png,,19.0,19,17.0,,,,57.198,Lapped,0.0,68.0
81,O PIASTRI,PIA,piastri,McLaren,F47600,mclaren,Oscar,Piastri,Oscar Piastri,https://media.formula1.com/d_driver_fallback_image.png/content/dam/fom-website/drivers/O/OSCPIA01_Oscar_Piastri/oscpia01.png.transform/1col/image.png,,20.0,R,3.0,,,,,Retired,0.0,55.0
11,S PEREZ,PER,perez,Cadillac,909090,cadillac,Sergio,Perez,Sergio Perez,https://media.formula1.com/d_driver_fallback_image.png/content/dam/fom-website/drivers/S/SERPER01_Sergio_Perez/serper01.png.transform/1col/image.png,,21.0,R,22.0,,,,,Retired,0.0,48.0
77,V BOTTAS,BOT,bottas,Cadillac,909090,cadillac,Valtteri,Bottas,Valtteri Bottas,https://media.formula1.com/d_driver_fallback_image.png/content/dam/fom-website/drivers/V/VALBOT01_Valtteri_Bottas/valbot01.png.transform/1col/image.png,,22.0,R,21.0,,,,,Retired,0.0,13.0
